id;text;gold;hisnet_prediction;hisnet_positive_score;hisnet_negative_score;hisnet_correct;lexicon_coverage;sentiment_coverage;dependency_prediction;dependency_positive_score;dependency_negative_score;dependency_correct;prediction_changed;improved;degraded;changed_but_still_wrong;has_negation;has_modifier;has_contrast;has_suppression;scope_count;active_opinion_count;suppressed_count;opinions;targets;modifiers;negations;contrasts;operations
0;vizyona girmesinden 10 yıl sonra bile hala yorum yazılan bi film bu.;positive;neutral;0.0;0.0;False;0.8333333333333334;0.0;neutral;0.0;0.0;False;False;False;False;False;False;False;False;False;0;0;0;[];[];[];[];[];[]
1;Ayrıca bence en iyi müzikler de yine bu filme ait(Y);positive;positive;0.6111111111111112;0.020833333333333332;True;1.0;0.18181818181818182;positive;0.6111111111111112;0.020833333333333332;True;False;False;False;False;False;True;False;False;2;2;0;"[""iyi"", ""de""]";"[""müzik""]";"[""en""]";[];[];"[""modifier_detected""]"
2;Kahinin sözlerine dikkat edin.;neutral;negative;0.0;0.05;False;0.75;0.25;negative;0.0;0.05;False;False;False;False;False;False;False;False;False;1;1;0;"[""söz""]";[];[];[];[];[]
3;Aslında o konu (çocuk olayı yani) nerelere getirilebilir neler anlatılabilirdi ama yok olmamış.;negative;negative;0.0;0.25;True;0.7692307692307693;0.15384615384615385;positive;0.21428571428571427;0.03571428571428571;False;True;False;True;False;True;False;True;False;2;2;0;"[""çocuk"", ""yok""]";[];[];"[""ol""]";"[""ama""]";"[""negation_flip"", ""contrast_detected""]"
4;vallaha şimdiye kadar izlediğim ve üzerinden 4-5 sens geçmesine rağmen unutamadığım tek film filmde aşk-para- iyilik- kötülük-heyecan-hareket ve bereket var herkesin izlemesini tavsiye ederim özellikle aşıklara hernekadar action filmi gibi gözüksede aslında bu film aşkın imkansızlıklarını sınıyor ve mutlaka herkesin arşivine girmesi gereken bir film benim arşivimin enbaşında çünkü benim için anlamı farklı!;positive;positive;3.2083333333333335;2.5;True;0.7894736842105263;0.14035087719298245;positive;3.2083333333333335;2.5;True;False;False;False;False;False;False;False;False;8;8;0;"[""rağmen"", ""aşk"", ""iyilik"", ""kötülük"", ""bereket"", ""tavsiye"", ""aşk"", ""imkansızlık""]";"[""sens"", ""bereket"", ""aşk"", ""film""]";[];[];[];[]
5;. Titanic tamamiyle farklı.;positive;neutral;0.0;0.0;False;0.0;0.0;neutral;0.0;0.0;False;False;False;False;False;False;False;False;False;0;0;0;[];[];[];[];[];[]
6;Sonra bende gidip filmi kiralayıp yeniden izleyeyim dedim.;neutral;negative;0.0;0.020833333333333332;False;0.625;0.125;negative;0.0;0.020833333333333332;False;False;False;False;False;False;False;False;False;1;1;0;"[""de""]";[];[];[];[];[]
7;..Titanik 2 çıkacak deniliyor.;neutral;negative;0.0;0.020833333333333332;False;0.5;0.25;negative;0.0;0.020833333333333332;False;False;False;False;False;False;False;False;False;1;1;0;"[""de""]";"[""..titanik""]";[];[];[];[]
8;pek sürükleyici bir film değil.;negative;positive;0.25;0.0;False;1.0;0.4;positive;0.25;0.0;False;False;False;False;False;False;False;False;False;2;2;0;"[""pek"", ""sürükleyici""]";[];[];[];[];[]
9;devlete karşı devlet olma hayali gibi.;neutral;positive;0.4;0.0;False;1.0;0.3333333333333333;positive;0.4;0.0;False;False;False;False;False;False;False;False;False;2;2;0;"[""devlet"", ""devlet""]";[];[];[];[];[]
10;.. Aradiginiz herseyi bu filmede bulanilirsiniz!;positive;neutral;0.0;0.0;False;0.2;0.0;neutral;0.0;0.0;False;False;False;False;False;False;False;False;False;0;0;0;[];[];[];[];[];[]
11;vaktiniz ve paranız çoksa seyredin derim.;negative;negative;0.0;0.020833333333333332;True;0.8333333333333334;0.16666666666666666;negative;0.0;0.020833333333333332;True;False;False;False;False;False;False;False;False;1;1;0;"[""de""]";[];[];[];[];[]
12;michael crichton ın en iyi yapıtlarından.;positive;positive;0.6111111111111112;0.0;True;0.6666666666666666;0.16666666666666666;positive;0.6111111111111112;0.0;True;False;False;False;False;False;True;False;False;1;1;0;"[""iyi""]";"[""yapıt""]";"[""en""]";[];[];"[""modifier_detected""]"
13;bir iki efekt görmek için izlemeye değmeyecek film tommy lee jones da çok iyi diildi;negative;negative;0.6111111111111112;1.0227272727272727;True;0.6666666666666666;0.2;negative;0.6111111111111112;1.0227272727272727;True;False;False;False;False;False;False;False;False;3;3;0;"[""gör"", ""da"", ""iyi""]";"[""efekt"", ""lee""]";[];[];[];[]
14;sadece kenneth branagh için izlenebilir o adamdaki karizma gerçekten çoook az kişide var ve bence madeleine stowe ili sıkı bi elektrikleri olmuş :);neutral;positive;0.41666666666666663;0.3143939393939394;False;0.6818181818181818;0.22727272727272727;negative;0.0;0.3143939393939394;False;True;False;False;True;False;True;False;True;5;3;2;"[""adam"", ""karizma"", ""az"", ""sıkı"", ""elektrik""]";"[""karizma"", ""kişi"", ""elektrik""]";"[""çok""]";[];[];"[""suppressed_as_target"", ""modifier_detected"", ""suppressed_as_target""]"
15;müthiş bir film olaylar beklenmedik bir şekilde gelişyor mekanlar mükemmel Pean ve Lopezin oyunculukları çok iyi final sahnesi harika.;positive;positive;2.861111111111111;0.7083333333333333;True;0.8421052631578947;0.3157894736842105;positive;2.861111111111111;0.7083333333333333;True;False;False;False;False;False;True;False;False;6;6;0;"[""müthiş"", ""beklenmedik"", ""mükemmel"", ""oyunculuk"", ""iyi"", ""harika""]";"[""film"", ""şekil"", ""pean"", ""sahne"", ""sahne""]";"[""çok""]";[];[];"[""modifier_detected""]"
16;mukemmel tek kelimeyle;positive;neutral;0.0;0.0;False;0.6666666666666666;0.0;neutral;0.0;0.0;False;False;False;False;False;False;False;False;False;0;0;0;[];[];[];[];[];[]
17;izledikçe bıkılmayacak türden bi film herkesin arşivinde bulunmalı;positive;neutral;0.0;0.0;False;0.5;0.0;neutral;0.0;0.0;False;False;False;False;False;False;False;False;False;0;0;0;[];[];[];[];[];[]
18;Film romantiktir duygusaldır evet.;neutral;neutral;0.0;0.0;True;1.0;0.0;neutral;0.0;0.0;True;False;False;False;False;False;False;False;False;0;0;0;[];[];[];[];[];[]
19;hem onlar da sanat filmi sayilir di mi?!?;neutral;negative;0.0;0.022727272727272728;False;0.875;0.125;negative;0.0;0.022727272727272728;False;False;False;False;False;False;False;False;False;1;1;0;"[""da""]";[];[];[];[];[]
20;valla bende anlamadım filmi daha hiç seyretmedim ama bu kadar puan alması şaşırtıcı araştırıcam;negative;negative;0.25;0.6666666666666666;True;0.7142857142857143;0.21428571428571427;positive;0.75;0.16666666666666666;False;True;False;True;False;True;True;True;False;3;3;0;"[""hiç"", ""al"", ""şaşırtıcı""]";"[""film"", ""puan""]";"[""daha""]";"[""seyret""]";"[""ama"", ""ama""]";"[""negation_flip"", ""modifier_detected"", ""contrast_detected"", ""contrast_detected""]"
21;.o zman askın ne oldugunu bılmeden bıle baya bır aglamıstım.;neutral;neutral;0.0;0.0;True;0.4;0.0;neutral;0.0;0.0;True;False;False;False;False;False;False;False;False;0;0;0;[];[];[];[];[];[]
22;çk güzel bir film ama nedense bu filmi sevemeğende çk.;positive;positive;0.45454545454545453;0.0;True;0.7;0.1;positive;0.45454545454545453;0.0;True;False;False;False;False;False;False;True;False;1;1;0;"[""güzel""]";"[""film""]";[];[];"[""ama""]";"[""contrast_detected""]"
23;Aşıklar ise son dönemde yükselen yetenekli genç oyuncular kuşağının öne çıkan isimlerinden Kate Winslet ve Leonardo Di Caprio.;positive;positive;1.0;0.175;True;0.6666666666666666;0.16666666666666666;positive;1.0;0.175;True;False;False;False;False;False;False;False;False;3;3;0;"[""son"", ""yetenekli"", ""genç""]";"[""dönem"", ""oyuncu"", ""oyuncu""]";[];[];[];[]
24;.... tekrar tekrar izleyecigim filmler den biri .;neutral;negative;0.0;0.10416666666666666;False;0.8333333333333334;0.3333333333333333;negative;0.0;0.10416666666666666;False;False;False;False;False;False;False;False;False;2;2;0;"[""de"", ""biri""]";[];[];[];[];[]
25;vasat sayılır klask american filmi tommy lee jone su da sevmem zaten bu rollerin adamı değil;negative;negative;0.0;0.17045454545454547;True;0.625;0.1875;negative;0.022727272727272728;0.14772727272727273;True;False;False;False;False;True;True;False;False;3;3;0;"[""vasat"", ""da"", ""adam""]";"[""su""]";"[""zaten""]";"[""sev""]";[];"[""negation_flip"", ""modifier_detected""]"
26;yorumunuza bayıldım doğrusu gerçekten çok hoş bir yorum olmuş size katılıyorum.;positive;positive;0.25;0.0;True;0.8181818181818182;0.09090909090909091;positive;0.25;0.0;True;False;False;False;False;False;False;False;False;1;1;0;"[""doğru""]";[];[];[];[];[]
27;))ah o 80ler müzikleri çok duygulamıştım izlerken.;positive;negative;0.0;0.16666666666666666;False;0.5714285714285714;0.14285714285714285;negative;0.0;0.16666666666666666;False;False;False;False;False;False;False;False;False;1;1;0;"[""ah""]";"[""müzik""]";[];[];[];[]
28;Yine o artık duymaktan bıktığınız şeyi söyleyeceğim zevkler ve renkler tartışılmaz.;neutral;positive;0.5;0.0;False;0.8181818181818182;0.09090909090909091;negative;0.0;0.5;False;True;False;False;True;True;False;False;False;1;1;0;"[""zevk""]";"[""o""]";[];"[""tartış""]";[];"[""negation_flip""]"
29;mükemmel bir aşk filmi oyunculuklar mükemmel bravo;positive;positive;4.0;0.3333333333333333;True;1.0;0.7142857142857143;positive;4.0;0.3333333333333333;True;False;False;False;False;False;False;False;False;5;5;0;"[""mükemmel"", ""aşk"", ""oyunculuk"", ""mükemmel"", ""bravo""]";"[""film"", ""film"", ""bravo"", ""oyunculuk""]";[];[];[];[]
30;allah aşkına o filmlerle bir tutulacak bi film mi sadece oyuncular için bu kadar puan gereksiz.;negative;negative;0.0;0.25;True;0.875;0.0625;negative;0.0;0.25;True;False;False;False;False;False;False;False;False;1;1;0;"[""gereksiz""]";[];[];[];[];[]
31;Bahtsız insan Sean Penn.;neutral;negative;0.0;1.0;False;0.5;0.25;negative;0.0;1.0;False;False;False;False;False;False;False;False;False;1;1;0;"[""bahtsız""]";"[""insan""]";[];[];[];[]
32;Yaw ne iş kardeşim dedirten bir film sadece.;negative;negative;0.0;0.020833333333333332;True;0.875;0.125;negative;0.0;0.020833333333333332;True;False;False;False;False;False;False;False;False;1;1;0;"[""de""]";[];[];[];[];[]
33;. ama daha fazlası yok.;negative;negative;0.0;0.21428571428571427;True;1.0;0.25;negative;0.0;0.21428571428571427;True;False;False;False;False;False;False;True;False;1;1;0;"[""yok""]";[];[];[];"[""ama""]";"[""contrast_detected""]"
34;Kaçırılmaması gereken bir yapım;positive;neutral;0.0;0.0;False;0.75;0.0;neutral;0.0;0.0;False;False;False;False;False;False;False;False;False;0;0;0;[];[];[];[];[];[]
35;Ama bu kadarla kalmıyor.;neutral;neutral;0.0;0.0;True;0.75;0.0;neutral;0.0;0.0;True;False;False;False;False;False;False;False;False;0;0;0;[];[];[];[];[];[]
36;Çok tuhaf bir film izlemezseniz birşey kaybetmezsiniz ağızdan anlatılan hikayelerden oluşan bir filmin güzel olması beklenmemeli zaten.;negative;positive;0.5378787878787878;0.0;False;0.7647058823529411;0.11764705882352941;positive;0.5378787878787878;0.0;False;False;False;False;False;False;True;False;False;2;2;0;"[""tuhaf"", ""güzel""]";"[""film"", ""film""]";"[""çok""]";[];[];"[""modifier_detected""]"
37;"""berbat bi yeniden çevrim mükemmel oyuncular var ama harcanmışlar hiç kendilerini senaryo yüzünden gösterememişler 2/10 7 7 yi kesinlikle haketmiyo""""""";negative;positive;1.0;0.5;False;0.8095238095238095;0.09523809523809523;positive;1.5;0.0;False;False;False;False;False;True;False;True;False;2;2;0;"[""mükemmel"", ""hiç""]";"[""oyuncu""]";[];"[""göster""]";"[""ama""]";"[""negation_flip"", ""contrast_detected""]"
38;s.yazık.;negative;negative;0.0;0.75;True;1.0;0.5;negative;0.0;0.75;True;False;False;False;False;False;False;False;False;1;1;0;"[""yazık""]";[];[];[];[];[]
39;bu kadar APTALCA bir bilimkurgu izlememiştim.;negative;negative;0.0;0.375;True;0.8333333333333334;0.16666666666666666;positive;0.375;0.0;False;True;False;True;False;True;False;False;False;1;1;0;"[""aptalca""]";"[""bilimkurgu""]";[];"[""izle""]";[];"[""negation_flip""]"
40;.the postman için de hep olumsuz şeyler söylendi.;negative;negative;0.0;0.5208333333333334;True;0.625;0.25;negative;0.0;0.5208333333333334;True;False;False;False;False;False;False;False;False;2;2;0;"[""de"", ""olumsuz""]";"[""şey""]";[];[];[];[]
41;içi boş bi hollywood filmi woo nun en kötü filmi nerde face off nerde bu film ayrıca nicolas cage ede hiç yakışmayan bi film harbi savaşın bi stüdyoda geçtiği çok belli oyuncularda savaş psikolojisinden hiç eser yok sanki oyun oynarmış gibi çatışıyolardı woo böyle şeylere bulaşmamalı;negative;negative;0.0;3.2892857142857146;True;0.6304347826086957;0.17391304347826086;negative;0.5;2.7892857142857146;True;False;False;False;False;True;True;False;False;8;8;0;"[""boş"", ""kötü"", ""hiç"", ""savaş"", ""savaş"", ""hiç"", ""yok"", ""oyun""]";"[""film"", ""eser""]";"[""en""]";"[""yakış""]";[];"[""modifier_detected"", ""negation_flip""]"
42;çok sağlam kadrolu bir film izlenmesi gereken bir yapım leo yine kendini aşmış tarihi bir dram sevenlerinin kaçırmaması gerekir;positive;positive;0.625;0.1875;True;0.7894736842105263;0.10526315789473684;positive;0.625;0.1875;True;False;False;False;False;False;True;False;False;2;2;0;"[""sağlam"", ""dram""]";"[""kadro""]";"[""çok""]";[];[];"[""modifier_detected""]"
43;..Bu filme o kadar oscar nasil verilmis hayret dogrusu.;negative;neutral;0.0;0.0;False;0.5555555555555556;0.0;neutral;0.0;0.0;False;False;False;False;False;False;False;False;False;0;0;0;[];[];[];[];[];[]
44;... öle bir film işte sıkılarak izlenebilen.;negative;neutral;0.0;0.0;False;0.6666666666666666;0.0;neutral;0.0;0.0;False;False;False;False;False;False;False;False;False;0;0;0;[];[];[];[];[];[]
45;Garip ve tuhaf bir dürtü ile bu rezaleti görmemek için filmi kapatmak istedim.;negative;negative;0.08333333333333333;2.3;True;0.8461538461538461;0.3076923076923077;negative;0.08333333333333333;1.3;True;False;False;False;False;False;False;False;True;4;3;1;"[""garip"", ""tuhaf"", ""rezalet"", ""gör""]";"[""dürtü"", ""rezalet""]";[];[];[];"[""suppressed_as_target""]"
46;kusursuz bir film 10;positive;positive;1.0;0.0;True;1.0;0.25;positive;1.0;0.0;True;False;False;False;False;False;False;False;False;1;1;0;"[""kusursuz""]";"[""film""]";[];[];[];[]
47;gerçekten bi filmi içinde hissetmek mi istiyosun al sana titanic yok böle bişey yaa 10 üzerinden 1000 veriyorum ben bu filme;positive;negative;0.0;0.6309523809523809;False;0.7142857142857143;0.14285714285714285;negative;0.0;0.6309523809523809;False;False;False;False;False;False;True;False;False;3;3;0;"[""hisset"", ""al"", ""yok""]";"[""titanic""]";"[""böle""]";[];[];"[""modifier_detected""]"
48;Ağlama konusuna gelince evet itiraf edeyim benim de gözlerim doldu finalde çok dokunaklıydı ama bir filmin sizi ağlatması demek o filmin çok iyi olduğu anlamına mı gelir bunu bir düşünmek gerek.;neutral;negative;0.6111111111111112;0.7916666666666667;False;0.8709677419354839;0.12903225806451613;positive;1.3611111111111112;0.041666666666666664;False;True;False;False;True;True;True;False;False;4;4;0;"[""ağlama"", ""de"", ""de"", ""iyi""]";"[""film""]";"[""çok""]";"[""ağla""]";[];"[""negation_flip"", ""modifier_detected""]"
49;''--Isminizi alabilir miyim bayan?;positive;negative;0.0;0.16666666666666666;False;0.75;0.25;negative;0.0;0.16666666666666666;False;False;False;False;False;False;False;False;False;1;1;0;"[""al""]";"[""ısminizi""]";[];[];[];[]
50;Batmaz denen ünlü gemi Titanic de.;neutral;negative;0.0;0.041666666666666664;False;0.8333333333333334;0.3333333333333333;negative;0.0;0.041666666666666664;False;False;False;False;False;False;False;False;False;2;2;0;"[""de"", ""de""]";"[""bat""]";[];[];[];[]
51;her izleyişimde ağlıyorum.;neutral;neutral;0.0;0.0;True;0.3333333333333333;0.0;neutral;0.0;0.0;True;False;False;False;False;False;False;False;False;0;0;0;[];[];[];[];[];[]
52;Film çok güzeldi.;positive;positive;0.45454545454545453;0.0;True;1.0;0.3333333333333333;positive;0.45454545454545453;0.0;True;False;False;False;False;False;True;False;False;1;1;0;"[""güzel""]";"[""film""]";"[""çok""]";[];[];"[""modifier_detected""]"
53;Vasatı aşamayan bir film.;negative;negative;0.0;0.125;True;1.0;0.25;negative;0.0;0.125;True;False;False;False;False;False;False;False;False;1;1;0;"[""vasat""]";[];[];[];[];[]
54;Bir başyapıt.;positive;neutral;0.0;0.0;False;1.0;0.0;neutral;0.0;0.0;False;False;False;False;False;False;False;False;False;0;0;0;[];[];[];[];[];[]
55;bu filmi kaç kere izlediimi hatırlamıorum ve hala izliorumm çok ma çok güzel bir film;positive;positive;0.45454545454545453;0.0;True;0.7333333333333333;0.06666666666666667;positive;0.45454545454545453;0.0;True;False;False;False;False;False;True;False;False;1;1;0;"[""güzel""]";"[""film""]";"[""çok"", ""çok""]";[];[];"[""modifier_detected""]"
56;sirf oyuncu ismine puan veren arkadsslar yüzünden insanlar yanlis yönlendiriyolar gibime geliyor.;negative;neutral;0.0;0.0;False;0.4166666666666667;0.0;neutral;0.0;0.0;False;False;False;False;False;False;False;False;False;0;0;0;[];[];[];[];[];[]
57;"""..filmin ilk yarisinda """"""""zengin kiz-fakir erkek"""""""" sacmaligiyla tam tamina 1 5 saat kaybediyor seyirci.""";negative;positive;1.0208333333333333;0.4;False;0.6666666666666666;0.2;positive;1.0208333333333333;0.4;False;False;False;False;False;False;False;False;False;3;3;0;"[""zengin"", ""fakir"", ""tam""]";"[""tamina""]";[];[];[];[]
58;1/10 paun verdim. o da 0/10 olmadigi icin.;neutral;negative;0.0;0.022727272727272728;False;0.6;0.1;negative;0.0;0.022727272727272728;False;False;False;False;False;False;False;False;False;1;1;0;"[""da""]";[];[];[];[];[]
59;ama ben filmin ele aldığı çok önemli bir konunun es geçilmesine üzüldüm.;negative;negative;0.0;0.16666666666666666;True;0.8333333333333334;0.08333333333333333;negative;0.0;0.16666666666666666;True;False;False;False;False;False;False;False;False;1;1;0;"[""al""]";"[""film""]";[];[];[];[]
60;...bir numara.;positive;negative;0.0;0.125;False;1.0;0.5;negative;0.0;0.125;False;False;False;False;False;False;False;False;False;1;1;0;"[""numara""]";[];[];[];[];[]
61;Film beni sıktı evet ama sadece psikolojik olarak.;negative;positive;0.0625;0.0;False;1.0;0.125;positive;0.0625;0.0;False;False;False;False;False;False;True;False;False;1;1;0;"[""psikolojik""]";"[""film""]";"[""sadece""]";[];[];"[""modifier_detected""]"
62;saçma ya saçmaaaaaaaaaaaaaaaaaaaaaa;negative;negative;0.0;0.3;True;0.6666666666666666;0.3333333333333333;negative;0.0;0.3;True;False;False;False;False;False;True;False;False;1;1;0;"[""saçma""]";[];"[""saçma""]";[];[];"[""modifier_detected""]"
63;..ve birşey daha.;neutral;neutral;0.0;0.0;True;1.0;0.0;neutral;0.0;0.0;True;False;False;False;False;False;False;False;False;0;0;0;[];[];[];[];[];[]
64;açıkçası izleyeli çok oldu.;neutral;neutral;0.0;0.0;True;0.75;0.0;neutral;0.0;0.0;True;False;False;False;False;False;False;False;False;0;0;0;[];[];[];[];[];[]
65;Mutlaka izleyin demeyeceğim.;negative;negative;0.0;0.020833333333333332;True;0.6666666666666666;0.3333333333333333;positive;0.020833333333333332;0.0;False;True;False;True;False;True;True;False;False;1;1;0;"[""de""]";[];"[""mutlaka""]";"[""de""]";[];"[""negation_flip"", ""modifier_detected""]"
66;..Karma karışık bir yapıya sahip kötü bir film.;negative;negative;0.0;0.9416666666666667;True;1.0;0.25;negative;0.0;0.9416666666666667;True;False;False;False;False;False;False;False;False;2;2;0;"[""karışık"", ""kötü""]";"[""yapı"", ""film""]";[];[];[];[]
67;?Mümkün diil müthiş bi film zaten birlikte son yaptıkları 50 ilk öpücük de inanılmaz güzel bi film bu ikiliye dikkat çok yakışıyolar birbirilerine!!:));positive;positive;1.7045454545454546;0.5208333333333334;True;0.782608695652174;0.2608695652173913;negative;0.25;1.975378787878788;False;True;False;True;False;True;False;False;False;6;6;0;"[""müthiş"", ""son"", ""öpücük"", ""de"", ""inanılmaz"", ""güzel""]";"[""film"", ""dikkat"", ""film""]";[];"[""inan"", ""inan""]";[];"[""negation_flip"", ""negation_flip""]"
68;izlenebilir mi ?;negative;neutral;0.0;0.0;False;0.5;0.0;neutral;0.0;0.0;False;False;False;False;False;False;False;False;False;0;0;0;[];[];[];[];[];[]
69;.arkadaş bırak 5 i 250 de yok.;neutral;positive;0.5;0.23511904761904762;False;0.7142857142857143;0.42857142857142855;positive;0.5;0.23511904761904762;False;False;False;False;False;False;False;False;False;3;3;0;"[""arkadaş"", ""de"", ""yok""]";"["".arkadaş""]";[];[];[];[]
70;"""O kadar! :)""""""";neutral;neutral;0.0;0.0;True;1.0;0.0;neutral;0.0;0.0;True;False;False;False;False;False;False;False;False;0;0;0;[];[];[];[];[];[]
71;"""İlkel kabilelere bölünmüş toplumda gerçek bir """"""""iletişim kopukluğu"""""""" yaşanıyor ve insanlar acımasız savaşçılardan oluşan bir ordu tarafından tehdit ediliyor.""";neutral;positive;1.0833333333333333;1.05;False;0.8947368421052632;0.21052631578947367;positive;1.0833333333333333;1.05;False;False;False;False;False;False;False;False;False;4;4;0;"[""ilkel"", ""gerçek"", ""yaşa"", ""acımasız""]";"[""toplum"", ""kopukluk"", ""savaşçı""]";[];[];[];[]
72;İşte gerçek bir başyapıt.;positive;positive;0.08333333333333333;0.0;True;1.0;0.25;positive;0.08333333333333333;0.0;True;False;False;False;False;False;False;False;False;1;1;0;"[""gerçek""]";"[""başyapıt""]";[];[];[];[]
73;Ben filmi izlemedim izliicemide pek sanmıyorum bu arada filmin imdb notu 1.8;neutral;positive;0.125;0.0;False;0.7692307692307693;0.07692307692307693;negative;0.0;0.125;False;True;False;False;True;True;False;False;False;1;1;0;"[""pek""]";"[""not""]";[];"[""san""]";[];"[""negation_flip""]"
74;Finalinde ağladığım tek yabancı sinema.;neutral;negative;0.0;0.041666666666666664;False;0.8;0.2;negative;0.0;0.041666666666666664;False;False;False;False;False;False;False;False;False;1;1;0;"[""yabancı""]";"[""sinema""]";[];[];[];[]
75;.tüm çarpıcılığıyla olağanüstü.;positive;positive;1.9166666666666665;0.0;True;1.0;1.0;positive;1.9166666666666665;0.0;True;False;False;False;False;False;False;False;False;3;3;0;"[""tüm"", ""çarpıcılık"", ""olağanüstü""]";[];[];[];[];[]
76;izlemeye gerek bile yok.;negative;negative;0.0;0.21428571428571427;True;1.0;0.25;negative;0.0;0.21428571428571427;True;False;False;False;False;False;False;False;False;1;1;0;"[""yok""]";"[""gerek""]";[];[];[];[]
77;Filmin başyapıt olduğunu iddia edenlerin de maalesef samimi olduğuna inanamıyorum.;negative;positive;1.0;0.8541666666666666;False;1.0;0.4;positive;1.0833333333333333;0.7708333333333334;False;False;False;False;False;True;True;False;False;4;4;0;"[""iddia"", ""de"", ""maalesef"", ""samimi""]";[];"[""maalesef""]";"[""inan""]";[];"[""negation_flip"", ""modifier_detected""]"
78;taş döken bi gardiyan ve gerçekten 1/10 u bile haketmiyo.;negative;negative;0.0;0.1111111111111111;True;0.7272727272727273;0.09090909090909091;negative;0.0;0.1111111111111111;True;False;False;False;False;False;False;False;False;1;1;0;"[""taş""]";"[""gardiyan""]";[];[];[];[]
79;süPer bir film her zaman izlesem de sıkılmam:;positive;positive;0.5;0.020833333333333332;True;0.75;0.25;positive;0.5;0.020833333333333332;True;False;False;False;False;False;False;False;False;2;2;0;"[""süper"", ""de""]";"[""film"", ""film""]";[];[];[];[]
80;filmin sonuna kadar hee şimdi anladım diyorum bakıyorum anlamamışım sonra tamam şimdi anladım diyorum yine anlamamışım film manyak etti beni izlerken ama muhteşem bir sonla filmi gerçekten anladım =);neutral;negative;0.6666666666666666;1.125;False;0.75;0.2857142857142857;positive;1.1041666666666667;0.5625;False;True;False;False;True;True;False;False;True;8;7;1;"[""son"", ""de"", ""bak"", ""tamam"", ""de"", ""manyak"", ""muhteşem"", ""son""]";"[""film"", ""son""]";[];"[""anla"", ""anla"", ""anla"", ""anla"", ""anla""]";[];"[""negation_flip"", ""negation_flip"", ""negation_flip"", ""suppressed_as_target""]"
81;!!) çocukları wardır!;neutral;negative;0.0;0.03571428571428571;False;0.5;0.5;negative;0.0;0.03571428571428571;False;False;False;False;False;False;False;False;False;1;1;0;"[""çocuk""]";[];[];[];[];[]
82;Konusu hiç güzel değil!;negative;negative;0.45454545454545453;0.5;True;1.0;0.5;negative;0.0;0.9545454545454546;True;False;False;False;False;True;True;False;False;2;2;0;"[""hiç"", ""güzel""]";"[""konu"", ""konu""]";"[""hiç""]";"[""değil""]";[];"[""negation_flip"", ""modifier_detected""]"
83;Ne aşklar var gerek bizim edebiyatımızda gerekse filmlerde onun için buradaki aşk öylesine bir aşk diye düşünüyorum.;neutral;positive;3.0;0.08333333333333333;False;0.8823529411764706;0.23529411764705882;positive;3.0;0.08333333333333333;False;False;False;False;False;False;True;False;False;4;4;0;"[""aşk"", ""edebiyat"", ""aşk"", ""aşk""]";"[""aşk"", ""aşk""]";"[""öyle""]";[];[];"[""modifier_detected""]"
84;.. Ne derdini anlatabiliyo ne de başka bişey.;negative;negative;0.0;0.2708333333333333;True;0.7142857142857143;0.2857142857142857;negative;0.0;0.2708333333333333;True;False;False;False;False;False;False;False;False;2;2;0;"[""dert"", ""de""]";[];[];[];[];[]
85;arada bizim evin balkonuna çıkıp kollarımı açıyorum karşıdan esen rüzgara karşı !;neutral;positive;0.625;0.3;False;0.9090909090909091;0.18181818181818182;positive;0.625;0.3;False;False;False;False;False;False;False;False;False;2;2;0;"[""aç"", ""esen""]";"[""kol""]";[];[];[];[]
86;Bir film ancak bu kadar belli eder ne olduğunu.;neutral;negative;0.0;0.0625;False;1.0;0.1111111111111111;negative;0.0;0.0625;False;False;False;False;False;False;False;False;False;1;1;0;"[""ancak""]";[];[];[];[];[]
87;. ancak çok durgun ve sade geçen bi film 4/10;negative;negative;0.0;0.1875;True;0.9;0.2;negative;0.0;0.1875;True;False;False;False;False;False;True;True;False;2;2;0;"[""ancak"", ""durgun""]";"[""film""]";"[""çok""]";[];"[""ancak"", ""ancak""]";"[""contrast_detected"", ""modifier_detected"", ""contrast_detected""]"
88;Sıradanlıktan kurtulamayan bir dram.;negative;negative;0.0;0.1875;True;0.5;0.25;positive;0.1875;0.0;False;True;False;True;False;True;False;False;False;1;1;0;"[""dram""]";[];[];"[""kurtula""]";[];"[""negation_flip""]"
89;Jonathan Pryce'ın canlandırdığı Elliot Carver en zayıf ve en karikatürize edilmiş Bond kötülerinden biri.;negative;negative;0.0;0.3888888888888889;True;0.5;0.14285714285714285;negative;0.0;0.3888888888888889;True;False;False;False;False;False;True;False;False;2;2;0;"[""zayıf"", ""biri""]";"[""karikatürize""]";"[""en"", ""en""]";[];[];"[""modifier_detected""]"
90;"""Keşke """"""""Se7en"""""""" gibi karanlık bir finalle bitseydi film.""";neutral;negative;0.0;0.4166666666666667;False;0.875;0.125;negative;0.0;0.4166666666666667;False;False;False;False;False;False;False;False;False;1;1;0;"[""karanlık""]";"[""final""]";[];[];[];[]
91;sadece hoş diye bilirim daha fala bişey demek zor değişik ve farklı bir senaryo ve filim ama çok fazla bir beklemek biraz haytalcilik olabilir.;neutral;negative;0.0;0.7916666666666667;False;0.7916666666666666;0.125;negative;0.0;0.7916666666666667;False;False;False;False;False;False;False;False;False;3;3;0;"[""de"", ""zor"", ""değişik""]";"[""bişey"", ""senaryo""]";[];[];[];[]
92;Anlamsız ötesi bişi.;negative;negative;0.0;1.0;True;1.0;0.3333333333333333;negative;0.0;1.0;True;False;False;False;False;False;False;False;False;1;1;0;"[""anlamsız""]";"[""öte""]";[];[];[];[]
93;!!evt güzel bir aşk filmi ve küçükken ilk kez izlediğimde bana da öle geliyodu.;positive;positive;1.4545454545454546;0.022727272727272728;True;0.7857142857142857;0.21428571428571427;positive;0.45454545454545453;0.022727272727272728;True;False;False;False;False;False;True;False;True;3;2;1;"[""güzel"", ""aşk"", ""da""]";"[""aşk""]";"[""evt""]";[];[];"[""modifier_detected"", ""suppressed_as_target""]"
94;berbat bi yeniden çevrim mükemmel oyuncular var ama harcanmışlar hiç kendilerini senaryo yüzünden gösterememişler 2/10 7 7 yi kesinlikle haketmiyo;negative;positive;1.0;0.5;False;0.8095238095238095;0.09523809523809523;positive;1.5;0.0;False;False;False;False;False;True;False;True;False;2;2;0;"[""mükemmel"", ""hiç""]";"[""oyuncu"", ""kendi""]";[];"[""göster""]";"[""ama""]";"[""negation_flip"", ""contrast_detected""]"
95;Ama sinema tarihinin çoğu klasiğini izlemiş bir kimse gelip Titanik 10 numara dünyanın en iyi filmidir derse bu beni derbeder yapar yollara düşerim.;negative;positive;0.6111111111111112;0.125;False;0.8260869565217391;0.08695652173913043;positive;0.6111111111111112;0.125;False;False;False;False;False;False;True;False;False;2;2;0;"[""numara"", ""iyi""]";"[""film""]";"[""en""]";[];[];"[""modifier_detected""]"
96;aşka inanmak için daha iyi bir neden gösterin.;neutral;positive;1.6736111111111112;0.0;False;1.0;0.375;positive;1.6736111111111112;0.0;False;False;False;False;False;False;True;False;False;3;3;0;"[""aşk"", ""iyi"", ""gösteri""]";"[""neden""]";"[""daha""]";[];[];"[""modifier_detected""]"
97;berbatta olsa bu alanda en iyisi turbulence;neutral;positive;0.6111111111111112;0.0;False;0.8571428571428571;0.14285714285714285;positive;0.6111111111111112;0.0;False;False;False;False;False;False;True;False;False;1;1;0;"[""iyi""]";"[""turbulence""]";"[""en""]";[];[];"[""modifier_detected""]"
98;..gelmiş geçmiş en başarılı ve en güzel film.;positive;positive;1.4545454545454546;0.05;True;0.875;0.375;positive;1.4545454545454546;0.05;True;False;False;False;False;False;True;False;False;3;3;0;"[""geçmiş"", ""başarılı"", ""güzel""]";"[""film""]";"[""en"", ""en""]";[];[];"[""modifier_detected"", ""modifier_detected""]"
99;! yorumlara veya oyuncu kadrosuna aldırmayın iğrenç ötesi bir film.;negative;negative;0.0;1.0;True;0.8888888888888888;0.1111111111111111;negative;0.0;1.0;True;False;False;False;False;False;False;False;False;1;1;0;"[""iğrenç""]";[];[];[];[];[]
100;film güzeldi fakat dün gece sonunu merak edip uyumamak için kendimi zor tuttum ama değdi diyemem;positive;negative;0.45454545454545453;1.1041666666666667;False;0.875;0.3125;negative;0.020833333333333332;1.537878787878788;False;False;False;False;False;True;False;True;False;5;5;0;"[""güzel"", ""son"", ""merak"", ""zor"", ""de""]";"[""film"", ""kendi"", ""kendi"", ""film""]";[];"[""de"", ""de""]";"[""ama""]";"[""negation_flip"", ""negation_flip"", ""contrast_detected""]"
101;oldukça kotü bir film.;negative;neutral;0.0;0.0;False;0.75;0.0;neutral;0.0;0.0;False;False;False;False;False;False;False;False;False;0;0;0;[];[];[];[];[];[]
102;tek kelimeyle berbat bir film sadece uyuşturucu içtikten sonra öğrencilerle konuşması sahnesi azcık komikti.;negative;negative;0.125;0.375;True;0.9285714285714286;0.14285714285714285;negative;0.125;0.375;True;False;False;False;False;False;True;False;False;2;2;0;"[""uyuşturucu"", ""komik""]";"[""sahne""]";"[""azcık""]";[];[];"[""modifier_detected""]"
103;fragmanın altyazısında hepsinisölüo bnları zaten filmlerin ismini bile sölüo.;neutral;neutral;0.0;0.0;True;0.6666666666666666;0.0;neutral;0.0;0.0;True;False;False;False;False;False;False;False;False;0;0;0;[];[];[];[];[];[]
104;Benimde çok sevdiğim filmlerden biri.;positive;negative;0.0;0.08333333333333333;False;0.8;0.2;negative;0.0;0.08333333333333333;False;False;False;False;False;False;False;False;False;1;1;0;"[""biri""]";[];[];[];[];[]
105;sürükleyici bir gerilim oldugu su götürmez bir gerçek.;positive;positive;0.20833333333333331;0.0;True;0.75;0.25;positive;0.125;0.08333333333333333;True;False;False;False;False;True;False;False;False;2;2;0;"[""sürükleyici"", ""gerçek""]";[];[];"[""götür""]";[];"[""negation_flip""]"
106;televizyonda bir iki kez izlemiştim eski zamanlarda;neutral;negative;0.0;0.16666666666666666;False;0.8571428571428571;0.14285714285714285;negative;0.0;0.16666666666666666;False;False;False;False;False;False;False;False;False;1;1;0;"[""eski""]";"[""zaman""]";[];[];[];[]
107;Puanım daha da düştü.;negative;negative;0.0;0.022727272727272728;True;1.0;0.25;negative;0.0;0.022727272727272728;True;False;False;False;False;False;False;False;False;1;1;0;"[""da""]";[];[];[];[];[]
108;bu film hakkında yorum yapmak ne kadar dogru bılmıyorum.;neutral;positive;0.025;0.0;False;0.6666666666666666;0.1111111111111111;positive;0.025;0.0;False;False;False;False;False;False;False;False;False;1;1;0;"[""hak""]";[];[];[];[];[]
109;çok kotuydu;negative;neutral;0.0;0.0;False;1.0;0.0;neutral;0.0;0.0;False;False;False;False;False;False;False;False;False;0;0;0;[];[];[];[];[];[]
110;Star 2 haftada bir veriyor boş ver sen onları.;neutral;negative;0.0;0.325;False;0.7777777777777778;0.1111111111111111;negative;0.0;0.325;False;False;False;False;False;False;False;False;False;1;1;0;"[""boş""]";"[""sen""]";[];[];[];[]
111;.jean reno ya hasta olmuştum bu filmde.;positive;negative;0.0;0.6875;False;0.7142857142857143;0.14285714285714285;negative;0.0;0.6875;False;False;False;False;False;False;False;False;False;1;1;0;"[""hasta""]";"["".jean""]";[];[];[];[]
112;izlediğim en başarısız filmlerden biri;negative;negative;0.0;1.0833333333333333;True;0.8;0.4;negative;0.0;1.0;True;False;False;False;False;False;True;False;False;1;1;0;"[""başarısız""]";"[""film""]";"[""en""]";[];[];"[""modifier_detected""]"
113;bu kadar çocukca bir film hayatımda görmedim çok kro kültüre sahip;positive;negative;0.0;1.0;False;0.8181818181818182;0.09090909090909091;positive;1.0;0.0;True;True;True;False;False;True;False;False;False;1;1;0;"[""gör""]";[];[];"[""gör""]";[];"[""negation_flip""]"
114;Guzel bi romantilk film.;positive;neutral;0.0;0.0;False;0.25;0.0;neutral;0.0;0.0;False;False;False;False;False;False;False;False;False;0;0;0;[];[];[];[];[];[]
115;...eminim filmi tamamlamayanlardır .;neutral;positive;0.1875;0.0;False;0.6666666666666666;0.3333333333333333;positive;0.1875;0.0;False;False;False;False;False;False;False;False;False;1;1;0;"[""emin""]";[];[];[];[];[]
116;bu filmde de kaybettiği sevgilisini yeniden görebilmek için parise gelen ama onun yerine başka bir kadına aşık olmaya başlayan john (mickey rouke) un hikayesini anlatıyor.;neutral;negative;0.390625;1.0208333333333333;False;0.68;0.16;negative;0.390625;1.0208333333333333;False;False;False;False;False;False;True;True;False;4;4;0;"[""de"", ""sevgili"", ""gör"", ""yer""]";[];"[""yeniden""]";[];"[""ama""]";"[""modifier_detected"", ""contrast_detected""]"
117;İzlediğim en Muhteşem Film.;positive;positive;0.5;0.0;True;0.75;0.25;positive;0.5;0.0;True;False;False;False;False;False;True;False;False;1;1;0;"[""muhteşem""]";"[""film""]";"[""en""]";[];[];"[""modifier_detected""]"
118;zaten seks sahnelerini izlerken OHA YUH ARTIK dedim.;neutral;negative;0.0;1.1458333333333333;False;0.875;0.375;negative;0.0;0.7708333333333334;False;False;False;False;False;False;True;False;True;3;2;1;"[""oha"", ""yuh"", ""de""]";"[""oha""]";"[""artik""]";[];[];"[""suppressed_as_target""]"
119;Bi ara TV.'de sık sık werilen we çok sempatik bi film olarak gördüüm izlenmesi gereken.;positive;positive;0.25;0.020833333333333332;True;0.5625;0.125;positive;0.25;0.020833333333333332;True;False;False;False;False;False;True;False;False;2;2;0;"[""de"", ""sempatik""]";"[""film""]";"[""çok""]";[];[];"[""modifier_detected""]"
120;berbat bi film.;negative;neutral;0.0;0.0;False;0.6666666666666666;0.0;neutral;0.0;0.0;False;False;False;False;False;False;False;False;False;0;0;0;[];[];[];[];[];[]
121;"""titanic e yapılmış büyük bir ayıp""""""";neutral;negative;0.0;0.8333333333333334;False;0.6666666666666666;0.16666666666666666;negative;0.0;0.8333333333333334;False;False;False;False;False;False;False;False;False;1;1;0;"[""ayıp""]";[];[];[];[];[]
122;aksiyon yonunden Brosnan'in oynadigi diger Bond filmlerine bir parca fark atiyor.;neutral;neutral;0.0;0.0;True;0.36363636363636365;0.0;neutral;0.0;0.0;True;False;False;False;False;False;False;False;False;0;0;0;[];[];[];[];[];[]
123;hatta ergen kız filmi.;neutral;neutral;0.0;0.0;True;1.0;0.0;neutral;0.0;0.0;True;False;False;False;False;False;False;False;False;0;0;0;[];[];[];[];[];[]
124;konu bakımından ilginç değişik bir film.;neutral;negative;0.0;0.1875;False;1.0;0.16666666666666666;negative;0.0;0.1875;False;False;False;False;False;False;True;False;False;1;1;0;"[""değişik""]";"[""film""]";"[""ilginç""]";[];[];"[""modifier_detected""]"
125;Mutluluklar dileriz.;positive;positive;1.0;0.0;True;0.5;0.5;positive;1.0;0.0;True;False;False;False;False;False;False;False;False;1;1;0;"[""mutluluk""]";[];[];[];[];[]
126;İlgi çekici bir konu izleyin ve nasıl heba edildiğine tanık olun.;negative;negative;0.3333333333333333;1.0;True;0.9090909090909091;0.18181818181818182;negative;0.3333333333333333;1.0;True;False;False;False;False;False;True;False;False;2;2;0;"[""çekici"", ""heba""]";[];"[""nasıl""]";[];[];"[""modifier_detected""]"
127;.Çok etkilendim;neutral;neutral;0.0;0.0;True;0.5;0.0;neutral;0.0;0.0;True;False;False;False;False;False;False;False;False;0;0;0;[];[];[];[];[];[]
128;Schindlerin Listesini izleyip beğenen vatandaşımız bu film içinde aynı şeyleri hissedip bu tarz yapımlara sahip çıkmalı.;neutral;negative;0.0;0.25;False;0.8125;0.0625;negative;0.0;0.25;False;False;False;False;False;False;False;False;False;1;1;0;"[""hisset""]";"[""şey""]";[];[];[];[]
129;bu filmin 5 puan aldığına inanamıyorum.;positive;negative;0.0;0.16666666666666666;False;1.0;0.16666666666666666;positive;0.16666666666666666;0.0;True;True;True;False;False;True;False;False;False;1;1;0;"[""al""]";"[""film""]";[];"[""inan""]";[];"[""negation_flip""]"
130;1997 nin filmi olması lazım ama mutlaka izleyin.;neutral;neutral;0.0;0.0;True;0.75;0.0;neutral;0.0;0.0;True;False;False;False;False;False;False;False;False;0;0;0;[];[];[];[];[];[]
131;Buna rağmen fikirleri değişmemiş.;neutral;negative;0.0;0.5;False;1.0;0.25;negative;0.0;0.5;False;False;False;False;False;False;False;False;False;1;1;0;"[""rağmen""]";[];[];[];[];[]
132;Biraz daha gelişmiş hali.;neutral;positive;0.5;0.0;False;0.75;0.25;positive;0.5;0.0;False;False;False;False;False;False;True;False;False;1;1;0;"[""gelişmiş""]";[];"[""biraz"", ""daha""]";[];[];"[""modifier_detected""]"
133;Bir an kendimi bir öğrenci filmi izler gibi hissettim ki pek bir farkı yoktu.;neutral;negative;0.125;0.4642857142857143;False;1.0;0.21428571428571427;negative;0.125;0.4642857142857143;False;False;False;False;False;False;False;False;False;3;3;0;"[""hisset"", ""pek"", ""yok""]";"[""kendi"", ""fark""]";[];[];[];[]
134;ama bu televizyonlarda cıktığı zamanlarda hic kacırmam;positive;neutral;0.0;0.0;False;0.5714285714285714;0.0;neutral;0.0;0.0;False;False;False;False;False;False;False;False;False;0;0;0;[];[];[];[];[];[]
135;izlemeyen varsa eğer bir an önce izlemesini öneririm.;positive;neutral;0.0;0.0;False;0.75;0.0;neutral;0.0;0.0;False;False;False;False;False;False;False;False;False;0;0;0;[];[];[];[];[];[]
136;bence 90lar ın verdiği film örneklerinin bazıları yerinde.;neutral;positive;0.22395833333333334;0.0;False;0.75;0.25;positive;0.22395833333333334;0.0;False;False;False;False;False;False;False;False;False;2;2;0;"[""örnek"", ""yer""]";"[""bazı""]";[];[];[];[]
137;fragmanı cıktı bıle.;neutral;neutral;0.0;0.0;True;0.3333333333333333;0.0;neutral;0.0;0.0;True;False;False;False;False;False;False;False;False;0;0;0;[];[];[];[];[];[]
138;Şimdi gelde yazma.;neutral;negative;0.0;0.15;False;0.6666666666666666;0.3333333333333333;negative;0.0;0.15;False;False;False;False;False;False;False;False;False;1;1;0;"[""yazma""]";[];[];[];[];[]
139;Benim için şöyle rastgele açılmış bir Yeşilçam filmindeki aşk öyküsü bile buradakinden daha iyidir.;negative;positive;1.6111111111111112;0.3;False;0.9285714285714286;0.21428571428571427;positive;1.6111111111111112;0.3;False;False;False;False;False;False;False;False;False;3;3;0;"[""aç"", ""aşk"", ""iyi""]";"[""öykü""]";[];[];[];[]
140;Bu filmi ben daha çocukken izlemiştim.;neutral;negative;0.0;0.03571428571428571;False;0.8333333333333334;0.16666666666666666;negative;0.0;0.03571428571428571;False;False;False;False;False;False;True;False;False;1;1;0;"[""çocuk""]";"[""ben""]";"[""daha""]";[];[];"[""modifier_detected""]"
141;Az önce yine izledim.;neutral;negative;0.0;0.25;False;0.75;0.25;negative;0.0;0.25;False;False;False;False;False;False;False;False;False;1;1;0;"[""az""]";[];[];[];[];[]
142;şahsen bu filme zamanımı vermem için çok boş zamanımın olması lazım.;neutral;negative;0.0;0.325;False;0.9090909090909091;0.09090909090909091;negative;0.0;0.325;False;False;False;False;False;False;True;False;False;1;1;0;"[""boş""]";"[""zaman""]";"[""çok""]";[];[];"[""modifier_detected""]"
143;genç bir avukatın yaşlı güçlerin kirli çamaşırlarını başarıyla ipe astığı bir çok filmden biri.;neutral;negative;0.375;0.7583333333333334;False;1.0;0.35714285714285715;negative;0.375;0.7583333333333334;False;False;False;False;False;False;False;False;False;5;5;0;"[""genç"", ""güç"", ""kirli"", ""başarı"", ""biri""]";"[""avukat"", ""çamaşır"", ""çamaşır""]";[];[];[];[]
144;Bu filmi beğenmeyenlerin kesinlikle duygudan mahrum kalmış insanlardır.;positive;negative;0.25;0.75;False;1.0;0.25;negative;0.25;0.75;False;False;False;False;False;False;False;False;False;2;2;0;"[""beğenme"", ""mahrum""]";"[""film""]";[];[];[];[]
145;etkisinde kalıyor insan her izlediğinde.;positive;neutral;0.0;0.0;False;0.8;0.0;neutral;0.0;0.0;False;False;False;False;False;False;False;False;False;0;0;0;[];[];[];[];[];[]
146;yine de bazı kavramlar üzerinde düşünmemizi sağlaması da dikkat çekici.;neutral;positive;0.3333333333333333;0.043560606060606064;False;1.0;0.3;positive;0.3333333333333333;0.043560606060606064;False;False;False;False;False;False;False;False;False;3;3;0;"[""de"", ""da"", ""çekici""]";[];[];[];[];[]
147;ohaa dedirtçek kadar ohaa bi film karşımızdakii.;negative;neutral;0.0;0.0;False;0.2857142857142857;0.0;neutral;0.0;0.0;False;False;False;False;False;False;False;False;False;0;0;0;[];[];[];[];[];[]
148;k@re@sdum@nbence kötü bir yapım leonardo dı caprıo büyümüşte küçülmüş sanki;negative;negative;0.0;0.9;True;0.46153846153846156;0.07692307692307693;negative;0.0;0.9;True;False;False;False;False;False;False;False;False;1;1;0;"[""kötü""]";"[""yapım""]";[];[];[];[]
149;Film konu olarak hiç bir yenilik getirmiyor.;negative;negative;0.125;0.5;True;0.8571428571428571;0.2857142857142857;negative;0.0;0.625;True;False;False;False;False;True;True;False;False;2;2;0;"[""hiç"", ""yenilik""]";[];"[""hiç""]";"[""getir""]";[];"[""negation_flip"", ""modifier_detected""]"
150;çok iyi filmdi ama eskidi artık;positive;positive;0.6111111111111112;0.16666666666666666;True;1.0;0.3333333333333333;positive;0.6111111111111112;0.16666666666666666;True;False;False;False;False;False;True;True;False;2;2;0;"[""iyi"", ""eski""]";[];"[""çok"", ""artık""]";[];"[""ama""]";"[""modifier_detected"", ""modifier_detected"", ""contrast_detected""]"
151;Gösterime girdiği tarihte belki her şey bu kadar ezbere oturmuş bir durumda değildi(belki de öyledi kimilerine göre) ancak şu an itibariyle filmdeki olayların gidişatı için Matrix'ten kahine başvurmaya gerek yok sanırım.;neutral;negative;0.0;0.2976190476190476;False;0.90625;0.09375;negative;0.0;0.2976190476190476;False;False;False;False;False;False;False;True;False;3;3;0;"[""de"", ""ancak"", ""yok""]";[];[];[];"[""ancak"", ""ancak""]";"[""contrast_detected"", ""contrast_detected""]"
152;bu filmi ilq 14 yasımnda izlemiştim o zaman izledigimde cok hoşuma gitmişti ama cocuqluq aklı unutuyordum filmleri ama su an 17 yasındayım izledigimde aqlayacak oluyorum gözlerim doluyor böle filmi herkes yapamas filmdeqi adıylada jack ve rosa da hayranım 2 side süper kişiliqli yeteneqli oyuncular tebriq ederim ellerine saqlıq bu filmi yayalım izlemeyen arqadaslarımıza ulaştırmaya calısalım cünqü bilinmesi qereken cok qüsel filmlerden birisi örneq alıcagım kişiliq war içinde tşqler.;positive;positive;1.0;0.10606060606060605;True;0.5294117647058824;0.058823529411764705;positive;1.0;0.10606060606060605;True;False;False;False;False;False;False;False;False;4;4;0;"[""da"", ""hayran"", ""süper"", ""biri""]";"[""oyuncu"", ""kişiliq""]";[];[];[];[]
153;Spielberg ikinci dünya savaşında sadece amerikan askerleri mi öldü?;neutral;negative;0.0;0.375;False;0.8888888888888888;0.1111111111111111;negative;0.0;0.375;False;False;False;False;False;False;False;False;False;1;1;0;"[""savaş""]";"[""spielberg""]";[];[];[];[]
154;o yüzden bu kadr çok beğenildi.;positive;neutral;0.0;0.0;False;0.6666666666666666;0.0;neutral;0.0;0.0;False;False;False;False;False;False;False;False;False;0;0;0;[];[];[];[];[];[]
155;.Leonardo Di Capio ve Kate Winsletin oyunculukları bir harikaydı.;positive;positive;1.0;0.3333333333333333;True;0.5555555555555556;0.2222222222222222;positive;1.0;0.0;True;False;False;False;False;False;False;False;True;2;1;1;"[""oyunculuk"", ""harika""]";"[""oyunculuk""]";[];[];[];"[""suppressed_as_target""]"
156;Hatta Billy Zane bile (Kurtlar vadisi Kuzey Irakta da züppe Amerikalı rolündeydi) cool ve snopluğu iyi vermiş.;positive;negative;0.6111111111111112;0.7727272727272727;False;0.7058823529411765;0.29411764705882354;negative;0.6111111111111112;0.7727272727272727;False;False;False;False;False;False;False;False;False;5;5;0;"[""ırak"", ""da"", ""züppe"", ""snop"", ""iyi""]";"[""billy"", ""cool""]";[];[];[];[]
157;Kısaca Titanik bana göre heyecanlı olmayan bir macera filmi çarpıcı olmayan bir aşk filmi hiçbir şekilde James Cameron filmine benzemeyen bir James Cameron filmi.;negative;positive;1.5;0.08333333333333333;False;0.75;0.16666666666666666;positive;1.2083333333333333;0.375;False;False;False;False;False;True;False;False;False;4;4;0;"[""heyecanlı"", ""macera"", ""çarpıcı"", ""aşk""]";"[""film""]";[];"[""ol"", ""ol""]";[];"[""negation_flip"", ""negation_flip""]"
158;Tamam kötü film değildi ama 9.3 ...Şaka mı bu?;neutral;negative;0.16666666666666666;0.9;False;1.0;0.2;negative;0.0;1.0666666666666667;False;False;False;False;False;True;False;False;False;2;2;0;"[""tamam"", ""kötü""]";"[""film"", ""film""]";[];"[""değil""]";[];"[""negation_flip""]"
159;Çok saçma bir film!;negative;negative;0.0;0.3;True;1.0;0.25;negative;0.0;0.3;True;False;False;False;False;False;True;False;False;1;1;0;"[""saçma""]";"[""film""]";"[""çok""]";[];[];"[""modifier_detected""]"
160;film pek tabii romantik komedi severlere ve Drew barrymore hayranlarına hitap ediyor bu bu koşulların ikisinede uyduğum için filmi oldukça zevkle seyretmiştim halende zaman zaman seyrederim.;positive;positive;1.2916666666666665;0.0;True;0.7692307692307693;0.15384615384615385;positive;1.2916666666666665;0.0;True;False;False;False;False;False;True;False;False;4;4;0;"[""pek"", ""tabii"", ""hayran"", ""zevk""]";"[""sever"", ""film"", ""film""]";"[""oldukça""]";[];[];"[""modifier_detected""]"
161;coppola'nın ortalama bir filmi!;neutral;neutral;0.0;0.0;True;0.75;0.0;neutral;0.0;0.0;True;False;False;False;False;False;False;False;False;0;0;0;[];[];[];[];[];[]
162;Çizgi romanlarındaki ve çizgi filmlerindeki o espirilerden hiçbiri yoktu filmde.;negative;negative;0.0;0.21428571428571427;True;0.9;0.1;negative;0.0;0.21428571428571427;True;False;False;False;False;False;False;False;False;1;1;0;"[""yok""]";"[""hiçbiri""]";[];[];[];[]
163;Hele Renato ile babasının diyaloğu yer yer hüzünleneceksiniz.;negative;positive;0.12053571428571429;0.0;False;0.75;0.375;positive;0.12053571428571429;0.0;False;False;False;False;False;False;False;False;False;3;3;0;"[""baba"", ""yer"", ""yer""]";"[""renato""]";[];[];[];[]
164;Bence Costner yönetmenliği denememeli artık.;negative;neutral;0.0;0.0;False;0.6;0.0;neutral;0.0;0.0;False;False;False;False;False;False;False;False;False;0;0;0;[];[];[];[];[];[]
165;..Genede bulabilirsem bir izleyeceğim.;neutral;neutral;0.0;0.0;True;0.5;0.0;neutral;0.0;0.0;True;False;False;False;False;False;False;False;False;0;0;0;[];[];[];[];[];[]
166;gerçekten böyle gerçekçi bir aşk olamaz keşke dicaprioyla winslet gerçekte birlikte olsalar filmde öyle oynamışlarki oynarken yaşamışlar böyle bir film yok ve olmaz.;positive;positive;2.083333333333333;0.21428571428571427;True;0.8260869565217391;0.17391304347826086;positive;1.2976190476190474;1.0;True;False;False;False;False;True;False;False;False;4;4;0;"[""aşk"", ""gerçek"", ""yaşa"", ""yok""]";"[""film"", ""film""]";[];"[""ol"", ""ol""]";[];"[""negation_flip"", ""negation_flip""]"
167;.. müzikler falan çok olmuş ciddende herkesin arşivinde yer alması gerken filmlerden.;positive;negative;0.015625;0.16666666666666666;False;0.8181818181818182;0.18181818181818182;negative;0.015625;0.16666666666666666;False;False;False;False;False;False;False;False;False;2;2;0;"[""yer"", ""al""]";[];[];[];[];[]
168;neyse diğer filmleri izledim vcd yi kapatacaktım bir baktım bi de bu var dedim bi seye benzemiyo kapağı izlesemmi diye düsündüm neyse koydum.;neutral;negative;0.0;0.29166666666666663;False;0.6086956521739131;0.13043478260869565;negative;0.0;0.29166666666666663;False;False;False;False;False;False;True;False;False;3;3;0;"[""bak"", ""de"", ""de""]";[];"[""bir""]";[];[];"[""modifier_detected""]"
169;the game filmini yıllar önce sinamada izlemiştim ve film hakkında aklımda kalan bir şey varsa oda malesef saçma bir film oldugudur.;negative;negative;0.025;0.3;True;0.7142857142857143;0.09523809523809523;negative;0.025;0.3;True;False;False;False;False;False;False;False;False;2;2;0;"[""hak"", ""saçma""]";"[""film""]";[];[];[];[]
170;Gayet kötü bir film.;negative;negative;0.0;0.9;True;1.0;0.25;negative;0.0;0.9;True;False;False;False;False;False;False;False;False;1;1;0;"[""kötü""]";"[""film""]";[];[];[];[]
171;oscar'a aday oldu bu film adaay!;positive;neutral;0.0;0.0;False;0.6666666666666666;0.0;neutral;0.0;0.0;False;False;False;False;False;False;False;False;False;0;0;0;[];[];[];[];[];[]
172;Harika bir film ya.;positive;positive;1.0;0.0;True;1.0;0.25;positive;1.0;0.0;True;False;False;False;False;False;False;False;False;1;1;0;"[""harika""]";"[""film""]";[];[];[];[]
173;Sadece zaman geçirmek ve de Tommy Lee Jones için izlenebilir.;negative;negative;0.0;0.020833333333333332;True;0.5;0.1;negative;0.0;0.020833333333333332;True;False;False;False;False;False;False;False;False;1;1;0;"[""de""]";[];[];[];[];[]
174;lütfen cık aklımdan unutamıyorum seni çünkü cok kötü;negative;negative;0.0;1.025;True;0.75;0.25;positive;1.025;0.0;False;True;False;True;False;True;True;False;False;2;2;0;"[""lütfen"", ""kötü""]";"[""sen"", ""lütfen""]";"[""cok""]";"[""unut"", ""unut""]";[];"[""negation_flip"", ""negation_flip"", ""modifier_detected""]"
175;Stone üstattan bir şaheser daha.;positive;positive;0.5;0.0;True;0.8;0.2;positive;0.5;0.0;True;False;False;False;False;False;False;False;False;1;1;0;"[""şaheser""]";"[""stone""]";[];[];[];[]
176;..ayrıca bu filme özel bir kişi ile gttiğimden dolayı daha bir anlamlı.;neutral;positive;0.1;0.0;False;0.9166666666666666;0.08333333333333333;positive;0.1;0.0;False;False;False;False;False;False;False;False;False;1;1;0;"[""özel""]";"[""kişi""]";[];[];[];[]
177;berbat bi film filmdeki tek iyi şey liotta nın muhteşem performansıydı hatta film bile denilemiyecek bi yapım;negative;positive;1.1111111111111112;0.0;False;0.7058823529411765;0.11764705882352941;positive;1.1111111111111112;0.0;False;False;False;False;False;False;False;False;False;2;2;0;"[""iyi"", ""muhteşem""]";"[""şey"", ""performans""]";[];[];[];[]
178;gayet güzel bir film.;positive;positive;0.45454545454545453;0.0;True;1.0;0.25;positive;0.45454545454545453;0.0;True;False;False;False;False;False;True;False;False;1;1;0;"[""güzel""]";"[""film""]";"[""gayet""]";[];[];"[""modifier_detected""]"
179;Film gusel ama sonu ne kadarda sacma sapan bıttı bole gusel bı fılme yakısmadı sonu hemde ıkısı aynı anda bınebılırdı o tahtaya!:(;neutral;negative;0.0;0.25;False;0.5454545454545454;0.09090909090909091;neutral;0.125;0.125;True;True;True;False;False;True;False;True;False;2;2;0;"[""son"", ""son""]";"[""fılme""]";[];"[""yakıs""]";"[""ama""]";"[""contrast_detected"", ""negation_flip""]"
180;.Rose ile evlenmek isteyen zengin genç ve ailesi durumdan haberdar olunca bu aşka karşı çıkar bu ilişkiyi bitirmek için ellerinden geleni yaparlar.;positive;positive;1.8125;1.05;True;0.7272727272727273;0.18181818181818182;positive;1.8125;1.05;True;False;False;False;False;False;False;False;False;4;4;0;"[""zengin"", ""genç"", ""aşk"", ""çıkar""]";"[""durum""]";[];[];[];[]
181;"""O öldürülen kundaktaki suçsuz günahsız bebeklerin yaşlıların kurşuna dizilen hayvanların ailesi hatta tüm akrabaları öldürülüp de dünyada bir başına kalan yetim çocukların dramı sürekli gözyaşlarımın sular seller gibi akmasına """"""""allahım bu nasıl bir vahşet"""""""" sözlerini ard arda tekrar etmeme neden oldu yine.""";negative;negative;1.6964285714285714;2.3773809523809524;True;0.8571428571428571;0.30952380952380953;negative;1.4964285714285714;2.1041666666666665;True;False;False;False;False;True;True;False;True;13;10;3;"[""suçsuz"", ""günahsız"", ""bebek"", ""hayvan"", ""tüm"", ""de"", ""yetim"", ""çocuk"", ""dram"", ""sel"", ""ak"", ""vahşet"", ""söz""]";"[""bebek"", ""bebek"", ""akrabalar"", ""çocuk"", ""dram"", ""dram"", ""\""allahım""]";"[""sürekli"", ""nasıl""]";"[""et""]";[];"[""suppressed_as_target"", ""suppressed_as_target"", ""suppressed_as_target"", ""modifier_detected"", ""modifier_detected"", ""negation_flip""]"
182;her şey güllük gülistanlık;positive;positive;0.5;0.0;True;1.0;0.25;positive;0.5;0.0;True;False;False;False;False;False;False;False;False;1;1;0;"[""gülistan""]";"[""güllük""]";[];[];[];[]
183;bu film tambir beyin fırtınası tavsiye ederim;positive;positive;0.175;0.0;True;0.8571428571428571;0.2857142857142857;positive;0.175;0.0;True;False;False;False;False;False;False;False;False;2;2;0;"[""beyin"", ""tavsiye""]";"[""film""]";[];[];[];[]
184;Zengin kötü kalpli oğlanımızda var.;neutral;negative;0.8125;1.0875;False;1.0;0.6;negative;0.8125;0.9;False;False;False;False;False;False;False;False;True;3;2;1;"[""zengin"", ""kötü"", ""oğlan""]";"[""oğlan"", ""oğlan""]";[];[];[];"[""suppressed_as_target""]"
185;alkışı ve ödülü fazlasıyla hak ediyor.;positive;positive;0.775;0.0;True;1.0;0.3333333333333333;positive;0.775;0.0;True;False;False;False;False;False;False;False;False;2;2;0;"[""ödül"", ""hak""]";"[""alkış""]";[];[];[];[]
186;tek kelimeyle mükemmel bir şaheser.;positive;positive;1.5;0.0;True;1.0;0.4;positive;1.0;0.0;True;False;False;False;False;False;False;False;True;2;1;1;"[""mükemmel"", ""şaheser""]";"[""şaheser""]";[];[];[];"[""suppressed_as_target""]"
187;Aramis (Jeremy Irons) ise kaderini takip etmiş bir rahip olmuş.;neutral;negative;0.0;0.375;False;0.7;0.1;negative;0.0;0.375;False;False;False;False;False;False;False;False;False;1;1;0;"[""kader""]";"[""aramis""]";[];[];[];[]
188;gerçekten kötü.;negative;negative;0.0;0.9;True;1.0;0.5;negative;0.0;0.9;True;False;False;False;False;False;True;False;False;1;1;0;"[""kötü""]";[];"[""gerçekten""]";[];[];"[""modifier_detected""]"
189;bu saçma seri neden prim yapıyor bir anlam veremiyorum.;negative;negative;0.08333333333333333;0.3;True;0.7777777777777778;0.2222222222222222;negative;0.08333333333333333;0.3;True;False;False;False;False;False;False;False;False;2;2;0;"[""saçma"", ""prim""]";[];[];[];[];[]
190;.filmde jack tekrar hayata dönüyor gecmiste olanları öğreniyor vs vs vs iyice suyunu cıkardılar isin.;negative;positive;0.125;0.0;False;0.4666666666666667;0.06666666666666667;positive;0.125;0.0;False;False;False;False;False;False;False;False;False;1;1;0;"[""iyice""]";"[""su""]";[];[];[];[]
191;özellikle o döneme damgasını vurdu.;neutral;negative;0.0;0.25;False;0.8;0.2;negative;0.0;0.25;False;False;False;False;False;False;True;False;False;1;1;0;"[""damga""]";[];"[""özellikle""]";[];[];"[""modifier_detected""]"
192;yınede fılm gusel ızleyın;positive;neutral;0.0;0.0;False;0.0;0.0;neutral;0.0;0.0;False;False;False;False;False;False;False;False;False;0;0;0;[];[];[];[];[];[]
193;Oliver Stone'un çok sevdiğim filmlerinden birisi.;positive;negative;0.0;0.08333333333333333;False;0.5;0.16666666666666666;negative;0.0;0.08333333333333333;False;False;False;False;False;False;False;False;False;1;1;0;"[""biri""]";[];[];[];[];[]
194;olaganüstü bi film herkesin arşivinde olması lazım izlediim en güzel ilk 3 film arasında;positive;positive;0.45454545454545453;0.0;True;0.7857142857142857;0.07142857142857142;positive;0.45454545454545453;0.0;True;False;False;False;False;False;True;False;False;1;1;0;"[""güzel""]";"[""film""]";"[""en""]";[];[];"[""modifier_detected""]"
195;(Bide Steve Martin'le Mixed Nuts fazla iyi degildi ama yinede bunlar kadar kotu degildi).;negative;positive;0.6111111111111112;0.0;False;0.5;0.07142857142857142;negative;0.0;0.6111111111111112;True;True;True;False;False;True;True;False;False;1;1;0;"[""iyi""]";"[""steve""]";"[""fazla""]";"[""degil""]";[];"[""negation_flip"", ""modifier_detected""]"
196;atmosfer iyi görüntüler güzel daha ne denir.;positive;positive;1.0656565656565657;0.020833333333333332;True;1.0;0.42857142857142855;positive;1.0656565656565657;0.020833333333333332;True;False;False;False;False;False;False;False;False;3;3;0;"[""iyi"", ""güzel"", ""de""]";"[""görüntü"", ""görüntü"", ""atmosfer""]";[];[];[];[]
197;Sinemaya yeni bir boyut kazandıran filmlerden bir tanesi.;positive;neutral;0.0;0.0;False;1.0;0.0;neutral;0.0;0.0;False;False;False;False;False;False;False;False;False;0;0;0;[];[];[];[];[];[]
198;başka sitelerde 7 civarı oy almış bu film kimler bu filme 10 verdi merak ediyorum izleyen varsa yorum yapsın lütfen;negative;negative;0.0;0.6666666666666666;True;0.85;0.15;negative;0.0;0.6666666666666666;True;False;False;False;False;False;False;False;False;3;3;0;"[""al"", ""merak"", ""lütfen""]";"[""oy"", ""kim""]";[];[];[];[]
199;iyi bir film ama 10 numara değil bence;positive;positive;0.6111111111111112;0.125;True;1.0;0.25;positive;0.6111111111111112;0.125;True;False;False;False;False;False;False;False;False;2;2;0;"[""iyi"", ""numara""]";"[""film""]";[];[];[];[]
200;Ve halen bu hatunun sinemada ne işi var diyorum.;negative;negative;0.0;0.020833333333333332;True;1.0;0.1111111111111111;negative;0.0;0.020833333333333332;True;False;False;False;False;False;True;False;False;1;1;0;"[""de""]";[];"[""halen""]";[];[];"[""modifier_detected""]"
201;İtinayla izlemekten kaçınınız;neutral;positive;0.5;0.0;False;0.3333333333333333;0.3333333333333333;positive;0.5;0.0;False;False;False;False;False;False;False;False;False;1;1;0;"[""itinayla""]";[];[];[];[];[]
202;..saçma bir konuyu nasılda filim yapmışlar maşallah;negative;negative;0.08333333333333333;0.3;True;0.8571428571428571;0.2857142857142857;negative;0.0;0.3;True;False;False;False;False;False;False;False;False;1;1;0;"[""saçma""]";[];[];[];[];[]
203;Oyuncularıyla Konusuyla Ödülleriyle Sitede aldığı puanla herşeyiy le ne kadar iyi bir film olduğunu belli ediyor.;positive;positive;1.3611111111111112;0.16666666666666666;True;0.9375;0.1875;positive;1.3611111111111112;0.16666666666666666;True;False;False;False;False;False;False;False;False;3;3;0;"[""ödül"", ""al"", ""iyi""]";"[""film""]";[];[];[];[]
204;deniz altı bir de o yaratıklar fln :);neutral;negative;0.0;0.020833333333333332;False;0.8571428571428571;0.14285714285714285;negative;0.0;0.020833333333333332;False;False;False;False;False;False;False;False;False;1;1;0;"[""de""]";[];[];[];[];[]
205;Mukemmel COK ama COK guzel.;positive;neutral;0.0;0.0;False;0.2;0.0;neutral;0.0;0.0;False;False;False;False;False;False;False;False;False;0;0;0;[];[];[];[];[];[]
206;kesinlikle izleyin;positive;neutral;0.0;0.0;False;0.5;0.0;neutral;0.0;0.0;False;False;False;False;False;False;False;False;False;0;0;0;[];[];[];[];[];[]
207;yoksa görmek yerine sadece bakmayı ve adına oscar ödülleri denen heykel parçalarının biricik beğeni(!);neutral;negative;0.8489583333333334;1.1279761904761905;False;0.8571428571428571;0.42857142857142855;negative;0.09895833333333333;1.1279761904761905;False;False;False;False;False;False;False;False;True;6;5;1;"[""gör"", ""yer"", ""ad"", ""ödül"", ""de"", ""parça""]";"[""ödül"", ""ödül""]";[];[];[];"[""suppressed_as_target""]"
208;Peter Pan'ın Fox Kids'teki çizgi flimi bile daha güzel!;negative;positive;0.45454545454545453;0.0;False;0.4444444444444444;0.1111111111111111;positive;0.45454545454545453;0.0;False;False;False;False;False;False;False;False;False;1;1;0;"[""güzel""]";"[""flimi""]";[];[];[];[]
209;kevin costner kendisini aşmış;neutral;neutral;0.0;0.0;True;0.5;0.0;neutral;0.0;0.0;True;False;False;False;False;False;False;False;False;0;0;0;[];[];[];[];[];[]
210;Adaletisiz dünyanın yarattığı sosyal farklılıkların küçük bir kapanda doğal seleksiyonu.;neutral;negative;0.14285714285714285;0.5;False;0.8;0.2;negative;0.14285714285714285;0.5;False;False;False;False;False;False;False;False;False;2;2;0;"[""kapan"", ""doğal""]";"[""seleksiyon""]";[];[];[];[]
211;Oldukça iyi başlayan ama kısır döngüde devam eden çok iyi olmasada keyifle izlenecek bir film.;positive;positive;1.400793650793651;0.275;True;0.8;0.3333333333333333;positive;1.400793650793651;0.15;True;False;False;False;False;False;True;False;True;5;4;1;"[""iyi"", ""kısır"", ""döngü"", ""iyi"", ""keyif""]";"[""döngü""]";"[""oldukça"", ""çok""]";[];[];"[""modifier_detected"", ""suppressed_as_target"", ""modifier_detected""]"
212;crow 4 kadar olmasada buda berbat sayılabilecek bir serinin devamı;negative;neutral;0.0;0.0;False;0.8;0.0;neutral;0.0;0.0;False;False;False;False;False;False;False;False;False;0;0;0;[];[];[];[];[];[]
213;Saçma upuzun diyolaglar kopuk sahneler aniden biten bir film ve işte tarantino;negative;negative;0.0;0.8;True;0.8333333333333334;0.16666666666666666;negative;0.0;0.8;True;False;False;False;False;False;False;False;False;2;2;0;"[""saçma"", ""kopuk""]";"[""diyolaglar"", ""sahne""]";[];[];[];[]
214;..gerçektende bir başyapıt önüne geçen bir film olur mu onu bilemem ama benim düşüncem olmayacağı yönünde hani olursa da fena olmaz ama:);positive;negative;0.0;0.731060606060606;False;0.9090909090909091;0.13636363636363635;positive;0.7083333333333333;0.022727272727272728;True;True;True;False;False;True;False;True;False;3;3;0;"[""düşünce"", ""da"", ""fena""]";"[""ben""]";[];"[""ol"", ""ol""]";"[""ama""]";"[""negation_flip"", ""negation_flip"", ""contrast_detected""]"
215;Film her Dario Argento filmi gibi mantık hataları içeriyor ama kime ne.;negative;negative;0.0;0.16666666666666666;True;0.75;0.08333333333333333;negative;0.0;0.16666666666666666;True;False;False;False;False;False;False;False;False;1;1;0;"[""hata""]";"[""film""]";[];[];[];[]
216;Bir filme güzel diyebilmek için gerekli olan senaryo ve oyunculuk bu filmde bulunmadığı için oscar almış efektlerinin günümüz izleyicisini etkileme ihtimali sıfıra yakın olduğu için izleyiciye verdiği iddia edilen derin mesajları gereksiz bulduğum için filmi beğenmedim.;negative;negative;0.45454545454545453;1.1541666666666668;True;0.8888888888888888;0.19444444444444445;negative;0.45454545454545453;1.1541666666666668;True;False;False;False;False;False;False;False;False;7;7;0;"[""güzel"", ""de"", ""oyunculuk"", ""al"", ""sıfır"", ""iddia"", ""gereksiz""]";"[""oscar"", ""mesaj""]";[];[];[];[]
217;"""Özellikle filmin son bir saatini açıklayabilecek bir laf bulamıyorum ve """"""""işte sinema"""""""" diyorum.""";positive;negative;0.0;0.24583333333333335;False;0.9230769230769231;0.23076923076923078;negative;0.12083333333333333;0.125;False;False;False;False;False;True;False;False;False;3;3;0;"[""son"", ""laf"", ""de""]";"[""saat""]";[];"[""bul"", ""bul""]";[];"[""negation_flip"", ""negation_flip""]"
218;Karayip Korsanları 3 Titanic'i geçecek diyolar.;neutral;negative;0.0;0.6875;False;0.5;0.16666666666666666;negative;0.0;0.6875;False;False;False;False;False;False;False;False;False;1;1;0;"[""korsan""]";[];[];[];[];[]
219;Böyle kaliteli oyuncuların bu tür basit yapımlarda oynamasına bir anlam veremiyorum.;negative;positive;1.1;0.0;False;0.8181818181818182;0.18181818181818182;positive;1.1;0.0;False;False;False;False;False;False;False;False;False;2;2;0;"[""kaliteli"", ""basit""]";"[""oyuncu"", ""yapım""]";[];[];[];[]
220;)bazı yorum yazan arkadaşların da dediği gibi bence klasik korku filmlerinden bir tanesi.;neutral;negative;0.5;1.043560606060606;False;1.0;0.3076923076923077;negative;0.0;1.043560606060606;False;False;False;False;False;False;False;False;True;4;3;1;"[""arkadaş"", ""da"", ""de"", ""korku""]";"[""arkadaş""]";[];[];[];"[""suppressed_as_target""]"
221;hiçbir şey soylemeye gerek yok bence herkes izlemeli.;positive;negative;0.0;0.21428571428571427;False;0.875;0.125;negative;0.0;0.21428571428571427;False;False;False;False;False;False;False;False;False;1;1;0;"[""yok""]";[];[];[];[];[]
222;bence az puan almış en azından bu sitede bundan yukarı puan almayı haketmeyen filmler war.;positive;negative;0.05;0.8333333333333333;False;0.8666666666666667;0.3333333333333333;negative;0.21666666666666667;0.6666666666666666;False;False;False;False;False;True;True;False;False;5;5;0;"[""az"", ""al"", ""az"", ""yukarı"", ""al""]";"[""film"", ""puan"", ""puan""]";"[""en""]";"[""haket""]";[];"[""modifier_detected"", ""negation_flip""]"
223;.uzun zaman oldu seyredeli;neutral;neutral;0.0;0.0;True;0.75;0.0;neutral;0.0;0.0;True;False;False;False;False;False;False;False;False;0;0;0;[];[];[];[];[];[]
224;Bu konuyla güzel flimler olabilir ama bu insanı sıkıyor.;negative;positive;0.45454545454545453;0.0;False;0.8888888888888888;0.1111111111111111;positive;0.45454545454545453;0.0;False;False;False;False;False;False;False;False;False;1;1;0;"[""güzel""]";"[""flimler""]";[];[];[];[]
225;bu benim hayatımda izlemiş olduğum en iyi film.;positive;positive;0.6111111111111112;0.0;True;0.875;0.125;positive;0.6111111111111112;0.0;True;False;False;False;False;False;True;False;False;1;1;0;"[""iyi""]";"[""film""]";"[""en""]";[];[];"[""modifier_detected""]"
226;1 5 milyon dolar yapar ve ikinciliğe oturur bence.;neutral;neutral;0.0;0.0;True;0.7777777777777778;0.0;neutral;0.0;0.0;True;False;False;False;False;False;False;False;False;0;0;0;[];[];[];[];[];[]
227;özellikle the abyss filmi bu filme nazaran çok daha kaliteli ve kurgusu açısından sürükleyici;negative;positive;1.125;0.0;False;0.8571428571428571;0.14285714285714285;positive;1.125;0.0;False;False;False;False;False;False;True;False;False;2;2;0;"[""kaliteli"", ""sürükleyici""]";[];"[""nazaran"", ""çok""]";[];[];"[""modifier_detected""]"
228;Filmdeki en başarılı isim Bily Bob Thornton.;positive;positive;1.0;0.0;True;0.5714285714285714;0.14285714285714285;positive;1.0;0.0;True;False;False;False;False;False;True;False;False;1;1;0;"[""başarılı""]";"[""isim""]";"[""en""]";[];[];"[""modifier_detected""]"
229;.. beni ağlatabilen sayılı filmlerden biri.;positive;negative;0.0;0.08333333333333333;False;0.8;0.2;negative;0.0;0.08333333333333333;False;False;False;False;False;False;False;False;False;1;1;0;"[""biri""]";[];[];[];[];[]
230;jan de bont görüntü yönetmenliğinin nimetlerinden yararlanmış ama filmi adam edememiş.;negative;positive;0.0625;0.043560606060606064;False;0.6363636363636364;0.2727272727272727;positive;0.08522727272727273;0.020833333333333332;False;False;False;False;False;True;False;True;False;3;3;0;"[""de"", ""nimet"", ""adam""]";"[""jan"", ""film""]";[];"[""et""]";"[""ama""]";"[""negation_flip"", ""contrast_detected""]"
231;hayatımda ılk defa sınemaya bu fılme basladım bu fılm benım ılkım sınemada başyapıt dıyebılecıgim ve 10 numara verecegım fılm hemde hıc dusunmeden cok gusel ve harıka fılm cok onemlı bı yerı var benım hayatımda cok gusel;positive;negative;0.0;0.125;False;0.3333333333333333;0.027777777777777776;negative;0.0;0.125;False;False;False;False;False;False;False;False;False;1;1;0;"[""numara""]";[];[];[];[];[]
232;film güzel ama 11 oscarli diğer bir film olan Ben Hur'un yanından bile geçemez.;positive;positive;0.45454545454545453;0.0;True;0.8571428571428571;0.07142857142857142;negative;0.0;0.45454545454545453;False;True;False;True;False;True;False;False;False;1;1;0;"[""güzel""]";"[""film""]";[];"[""geç""]";[];"[""negation_flip""]"
233;Benden helalinden 9.;positive;positive;0.25;0.0;True;1.0;0.3333333333333333;positive;0.25;0.0;True;False;False;False;False;False;False;False;False;1;1;0;"[""helalinden""]";[];[];[];[];[]
234;..? siz beni anlarsınız dimi?;neutral;neutral;0.0;0.0;True;0.75;0.0;neutral;0.0;0.0;True;False;False;False;False;False;False;False;False;0;0;0;[];[];[];[];[];[]
235;film o kadar da iyi değil;negative;positive;0.6111111111111112;0.022727272727272728;False;1.0;0.3333333333333333;positive;0.6111111111111112;0.022727272727272728;False;False;False;False;False;False;False;False;False;2;2;0;"[""da"", ""iyi""]";"[""deği""]";[];[];[];[]
236;çok kötüydü çok.;negative;negative;0.0;0.9;True;1.0;0.3333333333333333;negative;0.0;0.9;True;False;False;False;False;False;True;False;False;1;1;0;"[""kötü""]";[];"[""çok"", ""çok""]";[];[];"[""modifier_detected""]"
237;izlerken aklınızdan geçen tek fikir bu filmi kapatıp başka bi filme geçmek olacak!;negative;neutral;0.0;0.0;False;0.7692307692307693;0.0;neutral;0.0;0.0;False;False;False;False;False;False;False;False;False;0;0;0;[];[];[];[];[];[]
238;Aldığı ödülleri sonuna kadar hak eden artık aşk mı desem bir tarihi filmi mi desem ne dersem diyim mutlaka izlenmesi gereken bir film.;positive;positive;1.775;0.33333333333333326;True;0.9130434782608695;0.30434782608695654;negative;0.025;0.33333333333333326;False;True;False;True;False;False;True;False;True;7;5;2;"[""al"", ""ödül"", ""son"", ""hak"", ""aşk"", ""de"", ""de""]";"[""ödül"", ""ödül"", ""aşk"", ""film""]";"[""son"", ""artık""]";[];[];"[""suppressed_as_target"", ""modifier_detected"", ""suppressed_as_target"", ""modifier_detected""]"
239;.Emegi gecen herkese tesekkurler;positive;neutral;0.0;0.0;False;0.5;0.0;neutral;0.0;0.0;False;False;False;False;False;False;False;False;False;0;0;0;[];[];[];[];[];[]
240;film tam benim genç kızlık dönemimde geçiyor.;positive;positive;0.20833333333333334;0.05;True;1.0;0.2857142857142857;positive;0.20833333333333334;0.05;True;False;False;False;False;False;False;False;False;2;2;0;"[""tam"", ""genç""]";"[""film"", ""kızlık""]";[];[];[];[]
241;1 milyar 850 milyon dolar hasılat başka söze gerek yok.;positive;negative;0.0;0.2642857142857143;False;0.9;0.2;negative;0.0;0.2642857142857143;False;False;False;False;False;False;False;False;False;2;2;0;"[""söz"", ""yok""]";"[""gerek""]";[];[];[];[]
242;Özellikle idealist gençler tarafından geçmişteki düzenin yeniden kurulması için büyük bir talep oluşuyor ve bu postacı insanlara baskıcı ve saldırgan orduya karşı direnme cesaretini veren bir güç oluyor.;neutral;negative;0.25;1.3916666666666668;False;0.9285714285714286;0.25;negative;0.25;1.3083333333333333;False;False;False;False;False;False;False;False;True;7;6;1;"[""genç"", ""geçmiş"", ""düzen"", ""baskıcı"", ""saldırgan"", ""cesaret"", ""güç""]";"[""düzen""]";[];[];[];"[""suppressed_as_target""]"
243;çok harika olabilirmiş ama maalesef olmamış .;negative;positive;1.0;0.75;False;1.0;0.3333333333333333;negative;0.75;1.0;True;True;True;False;False;True;True;True;False;2;2;0;"[""harika"", ""maalesef""]";[];"[""çok""]";"[""ol"", ""ol""]";"[""ama""]";"[""negation_flip"", ""modifier_detected"", ""negation_flip"", ""contrast_detected""]"
244;Aksiyon son derece.;positive;negative;0.0;0.125;False;1.0;0.3333333333333333;negative;0.0;0.125;False;False;False;False;False;False;False;False;False;1;1;0;"[""son""]";"[""derece""]";[];[];[];[]
245;bütün bir senaryo bilinen bir denklem üzerine kurulu yani.;neutral;neutral;0.0;0.0;True;0.8888888888888888;0.0;neutral;0.0;0.0;True;False;False;False;False;False;False;False;False;0;0;0;[];[];[];[];[];[]
246;arkadaşlarrr mutlu bir haber vereceğimm sizeeee!;neutral;positive;1.0;0.0;False;0.5;0.16666666666666666;positive;1.0;0.0;False;False;False;False;False;False;False;False;False;1;1;0;"[""mutlu""]";"[""haber""]";[];[];[];[]
247;arkadaşlar bu tür filmler her zaman bulunmaz bence ne yapıp edin ve bu filmi izleyin.;positive;positive;0.5;0.0;True;0.8;0.06666666666666667;negative;0.0;0.5;False;True;False;True;False;True;False;False;False;1;1;0;"[""arkadaş""]";"[""film""]";[];"[""bulun""]";[];"[""negation_flip""]"
248;harika bir film hep izliyorum yine olsa yine izlerim;positive;positive;1.0;0.0;True;0.8888888888888888;0.1111111111111111;positive;1.0;0.0;True;False;False;False;False;False;False;False;False;1;1;0;"[""harika""]";"[""film""]";[];[];[];[]
249;O nasıl bir filmdir öyle ya?;negative;neutral;0.0;0.0;False;1.0;0.0;neutral;0.0;0.0;False;False;False;False;False;False;False;False;False;0;0;0;[];[];[];[];[];[]
250;bunuda seyredin bide pıerce bronan ın dante yanardağını seyredin.;neutral;neutral;0.0;0.0;True;0.3333333333333333;0.0;neutral;0.0;0.0;True;False;False;False;False;False;False;False;False;0;0;0;[];[];[];[];[];[]
251;fazla beklenti içinde değildim ama yine de beğenmedim filmi amerikan güzeli kadar vurucu ve çarpıcı olamayan bir film.;negative;positive;0.8295454545454546;0.020833333333333332;False;0.9444444444444444;0.16666666666666666;positive;0.8295454545454546;0.020833333333333332;False;False;False;False;False;False;False;False;False;3;3;0;"[""de"", ""güzel"", ""çarpıcı""]";[];[];[];[];[]
252;Ortada bir oyun var.;neutral;negative;0.0;0.1;False;1.0;0.25;negative;0.0;0.1;False;False;False;False;False;False;False;False;False;1;1;0;"[""oyun""]";[];[];[];[];[]
253;..Ondan sonra geminin batma sahnesi bence tam bi hayal kirikligi.;negative;negative;0.20833333333333334;0.6666666666666666;True;0.8;0.2;negative;0.20833333333333334;0.6666666666666666;True;False;False;False;False;False;False;False;False;2;2;0;"[""batma"", ""tam""]";[];[];[];[];[]
254;Biraz daha seçici olmamalılar.;neutral;neutral;0.0;0.0;True;1.0;0.0;neutral;0.0;0.0;True;False;False;False;False;False;False;False;False;0;0;0;[];[];[];[];[];[]
255;konusu sıradan denilebilecek bir film.;neutral;negative;0.0;0.020833333333333332;False;1.0;0.2;negative;0.0;0.020833333333333332;False;False;False;False;False;False;False;False;False;1;1;0;"[""de""]";"[""konu""]";[];[];[];[]
256;İlk filmin şöhretinden yararlanmaya çalışmış kötü bir devam filmi.;negative;negative;0.0;0.9;True;0.8888888888888888;0.1111111111111111;negative;0.0;0.9;True;False;False;False;False;False;False;False;False;1;1;0;"[""kötü""]";"[""devam""]";[];[];[];[]
257;Hiçbir özelliği yok filmin ne oyunculuk diye bir şey var ortada ne de kendine has bir konu.;negative;negative;0.35;0.5684523809523809;True;1.0;0.23529411764705882;negative;0.35;0.5684523809523809;True;False;False;False;False;False;False;False;False;4;4;0;"[""yok"", ""oyunculuk"", ""de"", ""has""]";"[""özellik"", ""film"", ""konu""]";[];[];[];[]
258;muhtesem bir film tam bir basyapıt.;positive;positive;0.20833333333333334;0.0;True;0.6666666666666666;0.16666666666666666;positive;0.20833333333333334;0.0;True;False;False;False;False;False;False;False;False;1;1;0;"[""tam""]";"[""film""]";[];[];[];[]
259;bana çok sıkıcı geldi.;negative;negative;0.0;1.0;True;0.75;0.25;negative;0.0;1.0;True;False;False;False;False;False;True;False;False;1;1;0;"[""sıkıcı""]";[];"[""çok""]";[];[];"[""modifier_detected""]"
260;Uzak durulması gereken devam filmlerinden biri.;negative;negative;0.0;0.20833333333333331;True;1.0;0.3333333333333333;negative;0.0;0.20833333333333331;True;False;False;False;False;False;False;False;False;2;2;0;"[""uzak"", ""biri""]";[];[];[];[];[]
261;basit diyaloglar müziğin koltuk değneklerine tutunmuş sakat bir film.;negative;negative;0.1;1.0454545454545454;True;0.8888888888888888;0.3333333333333333;negative;0.1;1.0454545454545454;True;False;False;False;False;False;False;False;False;3;3;0;"[""basit"", ""koltuk"", ""sakat""]";"[""diyalog"", ""film""]";[];[];[];[]
262;özellikle tecrübeli oyuncuların olması filmi izlenir kılıyor.;positive;negative;0.0;0.2;False;0.8571428571428571;0.14285714285714285;negative;0.0;0.2;False;False;False;False;False;False;False;False;False;1;1;0;"[""kıl""]";[];[];[];[];[]
263;oyuncular dısında film kocamannnn bir S1F1R sonunda ne oldu ne bitti bi şey anlamıosun;negative;neutral;0.0;0.0;False;0.6428571428571429;0.0;neutral;0.0;0.0;False;False;False;False;False;False;False;False;False;0;0;0;[];[];[];[];[];[]
264;Ben Alan J.Pakula'nın son filmi olduğu için de ayrı bi üzüldüm.;negative;negative;0.0;0.14583333333333334;True;0.75;0.16666666666666666;negative;0.0;0.14583333333333334;True;False;False;False;False;False;False;False;False;2;2;0;"[""son"", ""de""]";"[""film"", ""film""]";[];[];[];[]
265;Bu filmi bi izleyen pişman bi de izlemeyen.;neutral;negative;0.0;1.0208333333333333;False;0.5;0.25;positive;1.0;0.020833333333333332;False;True;False;False;True;True;False;False;False;2;2;0;"[""pişman"", ""de""]";[];[];"[""izle""]";[];"[""negation_flip""]"
266;izlediğim en iyi film bence notu eksik hak ettiği not ise 10'dur.;positive;positive;0.6361111111111112;0.125;True;0.9166666666666666;0.25;positive;0.6361111111111112;0.125;True;False;False;False;False;False;True;False;False;3;3;0;"[""iyi"", ""eksik"", ""hak""]";"[""film"", ""hak"", ""not""]";"[""en""]";[];[];"[""modifier_detected""]"
267;En iyi sinematografi (görsellik) Titaniğin görselliğinin ne kadar sıradan olduğunu görmek için Otomatik Portakalı hatırlayın.;neutral;negative;0.6111111111111112;1.0;False;0.8666666666666667;0.13333333333333333;negative;0.6111111111111112;1.0;False;False;False;False;False;False;True;False;False;2;2;0;"[""iyi"", ""gör""]";"[""sinematografi"", ""portakal""]";"[""en""]";[];[];"[""modifier_detected""]"
268;Popüler olan her şeyi kötüleme hasisesi yaniSadece yukarıda saydığım şeyleri gerçekleştiği için bile izlemeye değer olduğunu düşünüyorum.;positive;negative;0.05;1.0;False;0.7647058823529411;0.11764705882352941;negative;0.05;1.0;False;False;False;False;False;False;False;False;False;2;2;0;"[""kötüleme"", ""yukarı""]";"[""şey""]";[];[];[];[]
269;.1912 yılının havasını veren dekorlar kostumler eşyalar ve görüntüleride yansıtmak ayrı bir başarıydı.;positive;positive;0.48214285714285715;0.0;True;0.6153846153846154;0.15384615384615385;positive;0.48214285714285715;0.0;True;False;False;False;False;False;False;False;False;2;2;0;"[""hava"", ""başarı""]";"[""kostumler""]";[];[];[];[]
270;kahrolsun emperyalizm.;negative;negative;0.0;1.0;True;1.0;0.5;negative;0.0;1.0;True;False;False;False;False;False;False;False;False;1;1;0;"[""kahrolsun""]";"[""emperyalizm""]";[];[];[];[]
271;Boş bir pazar gününü dolduramıyor film kimseye tavsiye etmiyorum.;negative;negative;0.125;0.325;True;0.8888888888888888;0.2222222222222222;negative;0.0;0.45;True;False;False;False;False;True;False;False;False;2;2;0;"[""boş"", ""tavsiye""]";"[""gün"", ""film""]";[];"[""et""]";[];"[""negation_flip""]"
272;..fakir genç-zengin kız aşkı ve kötü adam.;neutral;positive;1.8125;1.3727272727272728;False;1.0;0.75;positive;1.8125;1.35;False;False;False;False;False;False;False;False;True;6;5;1;"[""fakir"", ""genç"", ""zengin"", ""aşk"", ""kötü"", ""adam""]";"[""adam""]";[];[];[];"[""suppressed_as_target""]"
273;İzlediğimde 10 yaşındaydım.;neutral;negative;0.0;0.125;False;0.6666666666666666;0.3333333333333333;negative;0.0;0.125;False;False;False;False;False;False;False;False;False;1;1;0;"[""yaş""]";[];[];[];[];[]
274;Hem eğlence hem aşk hem hüzün hem de hayat dersi barındırıyor film.;positive;positive;1.5833333333333335;1.0208333333333333;True;0.9166666666666666;0.3333333333333333;positive;1.5833333333333335;1.0208333333333333;True;False;False;False;False;False;False;False;False;4;4;0;"[""eğlence"", ""aşk"", ""hüzün"", ""de""]";"[""ders""]";[];[];[];[]
275;insanlar bi filme erotizm ciplaklik ve seks katinca sanat yaptiklarini zannediyolar.;neutral;neutral;0.0;0.0;True;0.5454545454545454;0.0;neutral;0.0;0.0;True;False;False;False;False;False;False;False;False;0;0;0;[];[];[];[];[];[]
276;cok iyi hatırlıyorum 97 senesiydi eve bir kac film almıstım izliycektim üstelik (o zamanlar vcd bilgisayar parasıydı).;neutral;positive;0.6111111111111112;0.0;False;0.6470588235294118;0.058823529411764705;positive;0.6111111111111112;0.0;False;False;False;False;False;False;True;False;False;1;1;0;"[""iyi""]";[];"[""cok""]";[];[];"[""modifier_detected""]"
277;.fakat asıl dikkat çeken acı bir yön ise çapkın bir playboy olan drew hanım kızın sevgiliciğinin onu garson olmasına rağmen yanında tutma gerekçesi.;negative;negative;0.5;1.0714285714285714;True;0.9130434782608695;0.21739130434782608;negative;0.5;1.0714285714285714;True;False;False;False;False;False;False;False;False;5;5;0;"[""acı"", ""hanım"", ""sevgili"", ""rağmen"", ""tutma""]";"[""yön"", ""o""]";[];[];[];[]
278;Bir film ancak bu kadar belli eder ne olduğunu.;negative;negative;0.0;0.0625;True;1.0;0.1111111111111111;negative;0.0;0.0625;True;False;False;False;False;False;False;False;False;1;1;0;"[""ancak""]";[];[];[];[];[]
279;..aldığı 11 oscarın hakettiğinin altında bile olduğu söylenebilir.;positive;negative;0.0;0.16666666666666666;False;0.625;0.125;negative;0.0;0.16666666666666666;False;False;False;False;False;False;False;False;False;1;1;0;"[""al""]";[];[];[];[];[]
280;süpppeerrrrr bii filmmdi benceeeeee çok beğenerek ve bi saniye bile gözümü ayırmadan izledim herkese tavsiye ederim bu o kdr gsl bi film ki yapıldığı 10 sene olmasına rağmen hala dillerden düşşmüyorr;positive;positive;0.875;0.5;True;0.5806451612903226;0.0967741935483871;negative;0.125;1.25;False;True;False;True;False;True;False;False;False;3;3;0;"[""gözüm"", ""tavsiye"", ""rağmen""]";"[""film""]";[];"[""ayır""]";[];"[""negation_flip""]"
281;İzlediğim en kötü savaş filmlerinden biri.;negative;negative;0.0;1.3583333333333332;True;0.8333333333333334;0.5;negative;0.0;0.9833333333333334;True;False;False;False;False;False;True;False;True;3;2;1;"[""kötü"", ""savaş"", ""biri""]";"[""savaş""]";"[""en""]";[];[];"[""modifier_detected"", ""suppressed_as_target""]"
282;Double dvd'yi izleme gereği bile duymadım.;neutral;neutral;0.0;0.0;True;0.6666666666666666;0.0;neutral;0.0;0.0;True;False;False;False;False;False;False;False;False;0;0;0;[];[];[];[];[];[]
283;baş yapıt.;positive;neutral;0.0;0.0;False;1.0;0.0;neutral;0.0;0.0;False;False;False;False;False;False;False;False;False;0;0;0;[];[];[];[];[];[]
284;Gelde bu filme yorum yap şimdi.;neutral;neutral;0.0;0.0;True;0.6666666666666666;0.0;neutral;0.0;0.0;True;False;False;False;False;False;False;False;False;0;0;0;[];[];[];[];[];[]
285;teşekkürler jack teşekkürler rose teşekkürler james cameron;positive;positive;3.0;0.0;True;0.42857142857142855;0.42857142857142855;positive;3.0;0.0;True;False;False;False;False;False;False;False;False;3;3;0;"[""teşekkür"", ""teşekkür"", ""teşekkür""]";"[""rose"", ""rose"", ""james""]";[];[];[];[]
286;Gemi battıktan sonraki bölümler yani (çiftin) hayatta kalma çabaları en dokunaklı sahneler.;neutral;neutral;0.0;0.0;True;0.9166666666666666;0.0;neutral;0.0;0.0;True;False;False;False;False;False;False;False;False;0;0;0;[];[];[];[];[];[]
287;Keşke biz 1.sınıftayken girmeseydi vizyona.;neutral;neutral;0.0;0.0;True;0.8333333333333334;0.0;neutral;0.0;0.0;True;False;False;False;False;False;False;False;False;0;0;0;[];[];[];[];[];[]
288;her filmi abartmayi birakin en fazla 7/10;neutral;neutral;0.0;0.0;True;0.75;0.0;neutral;0.0;0.0;True;False;False;False;False;False;False;False;False;0;0;0;[];[];[];[];[];[]
289;kesinlikle cok kötü george romero sevenleri hayal kırıklıgına ugratacak!;negative;negative;0.0;0.9;True;0.3333333333333333;0.1111111111111111;negative;0.0;0.9;True;False;False;False;False;False;True;False;False;1;1;0;"[""kötü""]";"[""george""]";"[""cok""]";[];[];"[""modifier_detected""]"
290;"""arada kanal d'de veriolar sanırım kareteye meraklı kardeşiniz varsa ufak koyun tv'nin önüne içeri gidip başka bi işle uğraşın""""""";negative;negative;0.0;0.2125;True;0.6842105263157895;0.10526315789473684;negative;0.0;0.2125;True;False;False;False;False;False;False;False;False;2;2;0;"[""meraklı"", ""ufak""]";"[""kardeş"", ""koyun""]";[];[];[];[]
291;bu çok ilginç ve bir o kadar da ürkütücü bir film Penn kadar Nick Nolte de şairane bir performans sergilemiş yan rollerde bir çok iyi isim var Joaquin Phonex Claire Danes Liv Tyler da minik bir sahnede var.;positive;positive;1.6111111111111112;0.31628787878787873;True;0.7368421052631579;0.15789473684210525;positive;1.6111111111111112;0.31628787878787873;True;False;False;False;False;False;True;False;False;6;6;0;"[""da"", ""ürkütücü"", ""de"", ""iyi"", ""da"", ""minik""]";"[""isim"", ""sahne""]";"[""çok""]";[];[];"[""modifier_detected""]"
292;Romantik komedinin en vasat örneklerinden biri;neutral;positive;0.20833333333333334;0.20833333333333331;False;1.0;0.5;negative;0.0;0.125;False;True;False;False;True;False;True;False;True;2;1;1;"[""vasat"", ""örnek""]";"[""örnek""]";"[""en""]";[];[];"[""modifier_detected"", ""suppressed_as_target""]"
293;3 puanda :S çok acımazısca yhani n azından 200-250 arasında olsaymış.;positive;negative;0.0;0.25;False;0.75;0.08333333333333333;negative;0.0;0.25;False;False;False;False;False;False;False;False;False;1;1;0;"[""az""]";"[""yhani""]";[];[];[];[]
294;Puanda biraz abartı havası var.;negative;negative;0.10714285714285714;0.25;True;1.0;0.4;negative;0.0;0.25;True;False;False;False;False;False;True;False;True;2;1;1;"[""abartı"", ""hava""]";"[""hava""]";"[""biraz""]";[];[];"[""modifier_detected"", ""suppressed_as_target""]"
295;Uzun ama pek sıkılmıyorsunuz.;neutral;positive;0.125;0.0;False;0.75;0.25;negative;0.0;0.125;False;True;False;False;True;True;False;True;False;1;1;0;"[""pek""]";[];[];"[""sıkıl""]";"[""ama""]";"[""negation_flip"", ""contrast_detected""]"
296;zaman kaybındam başka bişi değil.;negative;neutral;0.0;0.0;False;0.8;0.0;neutral;0.0;0.0;False;False;False;False;False;False;False;False;False;0;0;0;[];[];[];[];[];[]
297;benim kollarım leonardo nun ki gibi güzel hatunla dolu değil hatta çok sefer çanak anteni kucaklıyom ama olsun umut garibin ekmeği nede olsa.;neutral;positive;0.8295454545454546;0.4;False;0.8695652173913043;0.17391304347826086;positive;0.8295454545454546;0.4;False;False;False;False;False;False;False;True;False;4;4;0;"[""güzel"", ""umut"", ""garip"", ""ekmek""]";"[""hatun""]";[];[];"[""ama""]";"[""contrast_detected""]"
298;Rüya gibi başlayıp aynen öyle bitiyor.;positive;neutral;0.0;0.0;False;0.8333333333333334;0.0;neutral;0.0;0.0;False;False;False;False;False;False;False;False;False;0;0;0;[];[];[];[];[];[]
299;Ama imkansız her zaman imkansız mıdır?;neutral;negative;0.0;0.5;False;1.0;0.3333333333333333;negative;0.0;0.5;False;False;False;False;False;False;False;True;False;2;2;0;"[""imkansız"", ""imkansız""]";[];[];[];"[""ama"", ""ama""]";"[""contrast_detected"", ""contrast_detected""]"
