id;text;gold;hisnet_prediction;hisnet_positive_score;hisnet_negative_score;hisnet_correct;lexicon_coverage;sentiment_coverage;dependency_prediction;dependency_positive_score;dependency_negative_score;dependency_correct;prediction_changed;improved;degraded;changed_but_still_wrong;has_negation;has_modifier;has_contrast;has_suppression;scope_count;active_opinion_count;suppressed_count;opinions;targets;modifiers;negations;contrasts;operations;operation_list;has_negation_flip;has_suppression_operation;has_modifier_operation;has_contrast_operation;score_operation_group;operation_signature
15;..adam sandler ve özellikle drew barrymore rollerinde harikalar hala izlemediyseniz kaçırmayın!;positive;positive;1.0;0.0227272727272727;True;0.5454545454545454;0.1818181818181818;negative;0.0;1.0227272727272727;False;True;False;True;False;True;False;False;False;2;2;0;"[""adam"", ""harika""]";[];[];"[""kaçır""]";[];"[""negation_flip""]";['negation_flip'];True;False;False;False;negation only;negation_flip
51;(Bide Steve Martin'le Mixed Nuts fazla iyi degildi ama yinede bunlar kadar kotu degildi).;negative;positive;0.6111111111111112;0.0;False;0.5;0.0714285714285714;negative;0.0;0.6111111111111112;True;True;True;False;False;True;True;False;False;1;1;0;"[""iyi""]";"[""steve""]";"[""fazla""]";"[""degil""]";[];"[""negation_flip"", ""modifier_detected""]";['negation_flip', 'modifier_detected'];True;False;True;False;negation only;modifier_detected + negation_flip
65;tekrar tekrar izlenecek müthiş bir film ben en az 20 defa izlemişimdir pişman değilim izlettğim onca insandan sevmedim diyen çıkmadı daha çıkacağını da sanmıyorum;positive;negative;0.0;1.668560606060606;False;0.75;0.2083333333333333;positive;1.0;0.6685606060606061;True;True;True;False;False;True;True;False;False;5;5;0;"[""müthiş"", ""az"", ""pişman"", ""de"", ""da""]";"[""film"", ""ben"", ""film""]";"[""en""]";"[""değil"", ""sev"", ""çık""]";[];"[""modifier_detected"", ""negation_flip""]";['modifier_detected', 'negation_flip'];True;False;True;False;negation only;modifier_detected + negation_flip
74;?Mümkün diil müthiş bi film zaten birlikte son yaptıkları 50 ilk öpücük de inanılmaz güzel bi film bu ikiliye dikkat çok yakışıyolar birbirilerine!!:));positive;positive;1.7045454545454546;0.5208333333333334;True;0.782608695652174;0.2608695652173913;negative;0.25;1.975378787878788;False;True;False;True;False;True;False;False;False;6;6;0;"[""müthiş"", ""son"", ""öpücük"", ""de"", ""inanılmaz"", ""güzel""]";"[""film"", ""dikkat"", ""film""]";[];"[""inan"", ""inan""]";[];"[""negation_flip"", ""negation_flip""]";['negation_flip', 'negation_flip'];True;False;False;False;negation only;negation_flip
75;Sandler ve Berrymore' ı yanılmıyorsan ilk kez karşılaştıran yapım birde 50 İlk Öpücük var ikisini de görmediyseniz görün derim.;positive;negative;0.25;1.0416666666666663;False;0.7368421052631579;0.2105263157894736;positive;1.25;0.0416666666666666;True;True;True;False;False;True;False;False;False;4;4;0;"[""öpücük"", ""de"", ""gör"", ""de""]";"[""yapım""]";[];"[""gör""]";[];"[""negation_flip""]";['negation_flip'];True;False;False;False;negation only;negation_flip
136;Filmde şiddet unsurlarından hiçmi hiç kaçınılmamış.;positive;negative;0.0;0.6666666666666666;False;0.6666666666666666;0.3333333333333333;positive;0.5;0.1666666666666666;True;True;True;False;False;True;False;False;False;2;2;0;"[""şiddet"", ""hiç""]";[];[];"[""kaçın""]";[];"[""negation_flip""]";['negation_flip'];True;False;False;False;negation only;negation_flip
144;hoşş bi film ama amatorce yapılmış chook hata var mesela filmin konusu bence o kadar da etkileyici değil ama yinede bizim bütün kokru filimlerimizden daha kaliteli:;positive;positive;2.0;0.1893939393939394;True;0.6923076923076923;0.1538461538461538;negative;1.0;1.1893939393939394;False;True;False;True;False;True;True;True;False;4;4;0;"[""hata"", ""da"", ""etkileyici"", ""kaliteli""]";"[""konu""]";"[""yinede"", ""daha""]";"[""değil""]";"[""ama""]";"[""negation_flip"", ""modifier_detected"", ""contrast_detected""]";['negation_flip', 'modifier_detected', 'contrast_detected'];True;False;True;True;negation only;contrast_detected + modifier_detected + negation_flip
149;neden bu kadar sert eleştiriler yapılmış bilmiyorum ama ben filmi çıktığı sene izlediğimde tamamiyle ürpermiştim çok korkutucuydu:;neutral;negative;0.0;1.3888888888888888;False;0.6470588235294118;0.1176470588235294;positive;1.0;0.3888888888888889;False;True;False;False;True;True;True;True;False;2;2;0;"[""sert"", ""korkutucu""]";"[""eleştiri""]";"[""çok""]";"[""bil""]";"[""ama""]";"[""negation_flip"", ""modifier_detected"", ""contrast_detected""]";['negation_flip', 'modifier_detected', 'contrast_detected'];True;False;True;True;negation only;contrast_detected + modifier_detected + negation_flip
159;"""çok güzel sıkmayan filmlerden izleyeli 5 sene olduysada filmin finalinde kadının 3. dileğini unutmadım""""""";positive;positive;0.4545454545454545;0.0;True;0.7857142857142857;0.0714285714285714;negative;0.0;0.4545454545454545;False;True;False;True;False;True;True;False;False;1;1;0;"[""güzel""]";[];"[""\""çok""]";"[""sık""]";[];"[""negation_flip"", ""modifier_detected""]";['negation_flip', 'modifier_detected'];True;False;True;False;negation only;modifier_detected + negation_flip
179;.öle çok kötü diyemem ama neb biliyim.;neutral;negative;0.0;0.9208333333333334;False;0.8571428571428571;0.2857142857142857;positive;0.9208333333333334;0.0;False;True;False;False;True;True;True;False;False;2;2;0;"[""kötü"", ""de""]";[];"[""çok"", "".öle""]";"[""de"", ""de""]";[];"[""negation_flip"", ""modifier_detected"", ""negation_flip"", ""modifier_detected""]";['negation_flip', 'modifier_detected', 'negation_flip', 'modifier_detected'];True;False;True;False;negation only;modifier_detected + negation_flip
186;bu filmin 5 puan aldığına inanamıyorum.;positive;negative;0.0;0.1666666666666666;False;1.0;0.1666666666666666;positive;0.1666666666666666;0.0;True;True;True;False;False;True;False;False;False;1;1;0;"[""al""]";"[""film""]";[];"[""inan""]";[];"[""negation_flip""]";['negation_flip'];True;False;False;False;negation only;negation_flip
193;filmi hiç beyenmedim.;negative;negative;0.0;0.5;True;0.6666666666666666;0.3333333333333333;positive;0.5;0.0;False;True;False;True;False;True;False;False;False;1;1;0;"[""hiç""]";"[""film""]";[];"[""beyen""]";[];"[""negation_flip""]";['negation_flip'];True;False;False;False;negation only;negation_flip
205;Onun parçası değilsen rüyadasındır!;neutral;negative;0.0;0.1071428571428571;False;1.0;0.25;positive;0.1071428571428571;0.0;False;True;False;False;True;True;False;False;False;1;1;0;"[""parça""]";[];[];"[""değil""]";[];"[""negation_flip""]";['negation_flip'];True;False;False;False;negation only;negation_flip
211;İnsanlar keskin nişancılar yüzünden cenazelerini bile öldürüldükleri yerlerden alamıyor su için çeşme başında sırada beklerken yolda yürürken veya evinin içinde dolaşırken bir keskin nişancı tarafından öldürülmemek büyük başarı.;negative;positive;0.390625;0.2499999999999999;False;0.8214285714285714;0.1785714285714285;negative;0.1822916666666666;0.4583333333333333;True;True;True;False;False;True;False;False;False;5;5;0;"[""keskin"", ""yer"", ""al"", ""keskin"", ""başarı""]";"[""nişancı"", ""insan"", ""insan"", ""tarafından""]";[];"[""öl"", ""al"", ""al"", ""al""]";[];"[""negation_flip"", ""negation_flip""]";['negation_flip', 'negation_flip'];True;False;False;False;negation only;negation_flip
212;"""İnsanlar daha güvenli bir yerlere gitmek için savaş muhabirleri aracılığıyla seslerini dünyaya duyurmaya çalışırken gelen """"""""sözde devlet adamlarının"""""""" kocaman askeri kargo uçaklarıyla kimseyi kurtarmayıp bürokrasi engeline takılmaları insanı çileden çıkarıyor.""";negative;negative;0.715625;1.6477272727272727;True;0.8333333333333334;0.2333333333333333;positive;1.715625;0.6477272727272727;False;True;False;True;False;True;False;False;False;7;7;0;"[""güvenli"", ""yer"", ""savaş"", ""devlet"", ""adam"", ""engel"", ""takılma""]";"[""insan"", ""insan""]";[];"[""kurtar""]";[];"[""negation_flip""]";['negation_flip'];True;False;False;False;negation only;negation_flip
217;Çevremizde dünyamızda olup bitenlere bu kadar duyarsız kalmayalım hiç değilse bu tarz bağımsız yapımlar aracılığı ile savaş soykırım gibi önemli konularda sizlerde doğru fikir ve bilgi sahibi olun herkese iyi seyirler dilerim.;positive;negative;0.9444444444444444;1.125;False;0.96875;0.1875;positive;1.3611111111111112;0.625;True;True;True;False;False;True;True;False;True;6;5;1;"[""duyarsız"", ""hiç"", ""savaş"", ""doğru"", ""iyi"", ""seyir""]";"[""seyir"", ""fikir"", ""seyir""]";"[""hiç""]";"[""değil""]";[];"[""modifier_detected"", ""negation_flip"", ""suppressed_as_target""]";['modifier_detected', 'negation_flip', 'suppressed_as_target'];True;True;True;False;negation + suppression;modifier_detected + negation_flip + suppressed_as_target
224;bir pazar sabahı kalkarsınız kahvaltınızı edersiniz ve tvde zaplarken bunu görürsünüz oturun izleyin gençler pişman olmazsınız.;positive;negative;0.0;2.175;False;0.6875;0.25;positive;1.125;1.05;True;True;True;False;False;True;False;False;False;4;4;0;"[""gör"", ""genç"", ""pişman"", ""olmaz""]";"[""bu"", ""kahvaltı""]";[];"[""ol"", ""ol""]";[];"[""negation_flip"", ""negation_flip""]";['negation_flip', 'negation_flip'];True;False;False;False;negation only;negation_flip
227;ama şimdi pek rastlamıyorum.;neutral;positive;0.125;0.0;False;0.75;0.25;negative;0.0;0.125;False;True;False;False;True;True;False;True;False;1;1;0;"[""pek""]";[];[];"[""rastla""]";"[""ama""]";"[""negation_flip"", ""contrast_detected""]";['negation_flip', 'contrast_detected'];True;False;False;True;negation only;contrast_detected + negation_flip
242;filmin türü komedi yazıodu fakat ben nedense hiç gülmedim.;negative;negative;0.0;0.5;True;0.8888888888888888;0.1111111111111111;positive;0.5;0.0;False;True;False;True;False;True;False;True;False;1;1;0;"[""hiç""]";"[""ben""]";[];"[""gül""]";"[""fakat""]";"[""negation_flip"", ""contrast_detected""]";['negation_flip', 'contrast_detected'];True;False;False;True;negation only;contrast_detected + negation_flip
251;. Böyle iki oyuncunun bir araya geldiği bir film böylesi sıkıcı olamaz ya.;negative;negative;0.0;1.0;True;0.9166666666666666;0.0833333333333333;positive;1.0;0.0;False;True;False;True;False;True;True;False;False;1;1;0;"[""sıkıcı""]";"[""film""]";"[""böylesi""]";"[""ol""]";[];"[""negation_flip"", ""modifier_detected""]";['negation_flip', 'modifier_detected'];True;False;True;False;negation only;modifier_detected + negation_flip
253;. üstelik bu zamana kadar arşivime eklemediğim için de çok pişman oldum.;positive;negative;0.0;1.0208333333333333;False;0.9090909090909092;0.1818181818181818;positive;1.0208333333333333;0.0;True;True;True;False;False;True;True;False;False;2;2;0;"[""de"", ""pişman""]";[];"[""çok""]";"[""ekle"", ""ekle""]";[];"[""negation_flip"", ""negation_flip"", ""modifier_detected""]";['negation_flip', 'negation_flip', 'modifier_detected'];True;False;True;False;negation only;modifier_detected + negation_flip
255;. dakikalar geçtikçe hayretler içinde kalarak gözümü ekrandan ayıramadım.;positive;positive;0.75;0.0;True;0.875;0.125;negative;0.0;0.75;False;True;False;True;False;True;False;False;False;1;1;0;"[""gözüm""]";[];[];"[""ayır""]";[];"[""negation_flip""]";['negation_flip'];True;False;False;False;negation only;negation_flip
257;. kaçırmayın derim.;positive;negative;0.0;0.0208333333333333;False;0.5;0.5;positive;0.0208333333333333;0.0;True;True;True;False;False;True;False;False;False;1;1;0;"[""de""]";[];[];"[""kaçır""]";[];"[""negation_flip""]";['negation_flip'];True;False;False;False;negation only;negation_flip
288;orada olmayan adam demişki:;neutral;negative;0.0;0.0227272727272727;False;0.75;0.25;positive;0.0227272727272727;0.0;False;True;False;False;True;True;False;False;False;1;1;0;"[""adam""]";[];[];"[""ol""]";[];"[""negation_flip""]";['negation_flip'];True;False;False;False;negation only;negation_flip
299;bu durumda geriye pek olasılık kalmıyor.;neutral;negative;0.125;0.1590909090909091;False;1.0;0.3333333333333333;positive;0.284090909090909;0.0;False;True;False;False;True;True;False;False;False;2;2;0;"[""geri"", ""pek""]";"[""olasılık""]";[];"[""kal""]";[];"[""negation_flip""]";['negation_flip'];True;False;False;False;negation only;negation_flip
322;Çok sürükleyici ve bol actionlı bir film tvde cıktıgında hiç kaçırmazdım bulabilirseniz filmi kesinlikle izleyin derim.;positive;negative;0.125;0.5208333333333334;False;0.6875;0.1875;positive;0.625;0.0208333333333333;True;True;True;False;False;True;False;False;False;3;3;0;"[""sürükleyici"", ""hiç"", ""de""]";[];[];"[""kaçır""]";[];"[""negation_flip""]";['negation_flip'];True;False;False;False;negation only;negation_flip
338;Oliver Stonenun bazılarınca pek sevilmeyen ama bana göre başyapıtlarından biri.;positive;negative;0.125;0.3333333333333333;False;0.7;0.3;positive;0.3333333333333333;0.125;True;True;True;False;False;True;True;True;False;3;3;0;"[""pek"", ""sevilmeyen"", ""biri""]";"[""oliver"", ""oliver"", ""oliver""]";"[""pek""]";"[""sev"", ""sev"", ""sev""]";"[""ama""]";"[""negation_flip"", ""negation_flip"", ""modifier_detected"", ""negation_flip"", ""contrast_detected""]";['negation_flip', 'negation_flip', 'modifier_detected', 'negation_flip', 'contrast_detected'];True;False;True;True;negation only;contrast_detected + modifier_detected + negation_flip
351;outofcomment adamım sen filmden anlamıyon bence.;neutral;negative;0.0;0.0227272727272727;False;0.6666666666666666;0.1666666666666666;positive;0.0227272727272727;0.0;False;True;False;False;True;True;False;False;False;1;1;0;"[""adam""]";"[""sen""]";[];"[""anla""]";[];"[""negation_flip""]";['negation_flip'];True;False;False;False;negation only;negation_flip
376;seyredilmemesi hata olacak filmlerden!;positive;negative;0.0;0.1666666666666666;False;0.75;0.25;positive;0.1666666666666666;0.0;True;True;True;False;False;True;False;False;False;1;1;0;"[""hata""]";[];[];"[""seyret""]";[];"[""negation_flip""]";['negation_flip'];True;False;False;False;negation only;negation_flip
399;Oliver Stone'un çektiği zamanlarda ilgi görmemiş hatta en kötüler arasında gösterilmiş -bildiğim kadarıyla ahududuna aday olmuştu ya da almışta olabilir- daha sonra kıymeti bilinmiş ancak günümüzde unutulmaya yüz tutmuş bir film;positive;negative;0.0;0.8352272727272727;False;0.7096774193548387;0.0967741935483871;positive;0.75;0.0852272727272727;True;True;True;False;False;True;False;True;False;3;3;0;"[""görmemiş"", ""da"", ""ancak""]";[];[];"[""gör""]";"[""ancak""]";"[""negation_flip"", ""contrast_detected""]";['negation_flip', 'contrast_detected'];True;False;False;True;negation only;contrast_detected + negation_flip
400;çok güzel bir kurgu inanılmaz bir film hele sonu harika;positive;positive;2.4545454545454546;0.125;True;1.0;0.4;negative;0.4545454545454545;1.125;False;True;False;True;False;True;True;False;False;3;3;0;"[""güzel"", ""inanılmaz"", ""son""]";"[""kurgu"", ""kurgu"", ""film""]";"[""çok""]";"[""inan""]";[];"[""modifier_detected"", ""negation_flip""]";['modifier_detected', 'negation_flip'];True;False;True;False;negation only;modifier_detected + negation_flip
416;arkadaşlar bu tür filmler her zaman bulunmaz bence ne yapıp edin ve bu filmi izleyin.;positive;positive;0.5;0.0;True;0.8;0.0666666666666666;negative;0.0;0.5;False;True;False;True;False;True;False;False;False;1;1;0;"[""arkadaş""]";"[""film""]";[];"[""bulun""]";[];"[""negation_flip""]";['negation_flip'];True;False;False;False;negation only;negation_flip
419;Gişede iş yapmadı ama bence sinema tarihininin en iyilerinden;positive;positive;0.6111111111111112;0.0;True;0.7777777777777778;0.1111111111111111;negative;0.0;0.6111111111111112;False;True;False;True;False;True;True;True;False;1;1;0;"[""iyi""]";"[""iş""]";"[""en""]";"[""yap""]";"[""ama""]";"[""negation_flip"", ""modifier_detected"", ""contrast_detected""]";['negation_flip', 'modifier_detected', 'contrast_detected'];True;False;True;True;negation only;contrast_detected + modifier_detected + negation_flip
421;usta yönetmeni sean penn ve nick nolte de iyi oyunculuğuyla desteklemiş bu arada lopez'de oldukça iyi iş çıkarmış hiç sırıtmıyor filmde;positive;negative;1.3888888888888888;1.8541666666666663;False;0.6666666666666666;0.3333333333333333;positive;2.888888888888889;0.3541666666666666;True;True;True;False;False;True;True;False;False;7;7;0;"[""usta"", ""de"", ""iyi"", ""oyunculuk"", ""iyi"", ""çıkar"", ""hiç""]";"[""yönetmen"", ""oyunculuk"", ""sean"", ""iş"", ""iş""]";"[""oldukça""]";"[""sırı"", ""sırı""]";[];"[""modifier_detected"", ""negation_flip"", ""negation_flip""]";['modifier_detected', 'negation_flip', 'negation_flip'];True;False;True;False;negation only;modifier_detected + negation_flip
425;kaçırmayın izleyin derim.;positive;negative;0.0;0.0208333333333333;False;0.3333333333333333;0.3333333333333333;positive;0.0208333333333333;0.0;True;True;True;False;False;True;False;False;False;1;1;0;"[""de""]";[];[];"[""kaçır""]";[];"[""negation_flip""]";['negation_flip'];True;False;False;False;negation only;negation_flip
448;kAÇIRMAYIN DERİM.;positive;negative;0.0;0.0208333333333333;False;0.5;0.5;positive;0.0208333333333333;0.0;True;True;True;False;False;True;False;False;False;1;1;0;"[""de""]";[];[];"[""şarış""]";[];"[""negation_flip""]";['negation_flip'];True;False;False;False;negation only;negation_flip
452;filmi çok beğendim ama şurası burası güzel diye anlatamayacağım çünkü başlı başına müthiş bi film çok seveceksiniz mutlaka izlenmeli.;positive;positive;0.4545454545454545;0.375;True;0.7368421052631579;0.1052631578947368;negative;0.0;0.8295454545454546;False;True;False;True;False;True;False;True;False;2;2;0;"[""güzel"", ""müthiş""]";"[""burası"", ""film""]";[];"[""anlat""]";"[""ama""]";"[""negation_flip"", ""contrast_detected""]";['negation_flip', 'contrast_detected'];True;False;False;True;negation only;contrast_detected + negation_flip
459;İNSANI BİLMEDİĞİ BİR YERE GİTMEKTEN KORKUTAN BİR FİLM.;neutral;positive;0.015625;0.0;False;0.75;0.125;negative;0.0;0.015625;False;True;False;False;True;True;False;False;False;1;1;0;"[""yer""]";[];[];"[""bilme""]";[];"[""negation_flip""]";['negation_flip'];True;False;False;False;negation only;negation_flip
481;"""Bu çeviri üzerine kadim dostum Arda'yı anmadan edemeyeceğim.:)))""""""";neutral;positive;0.3;0.0;False;0.875;0.125;negative;0.0;0.3;False;True;False;False;True;True;False;False;False;1;1;0;"[""dost""]";"[""arda'yı""]";[];"[""an""]";[];"[""negation_flip""]";['negation_flip'];True;False;False;False;negation only;negation_flip
483;Kadınlar ve para birleştiği zaman zaten perişan olmamak mümkün mü :);neutral;negative;0.0;0.375;False;0.9;0.1;positive;0.375;0.0;False;True;False;False;True;True;False;False;False;1;1;0;"[""perişan""]";[];[];"[""ol""]";[];"[""negation_flip""]";['negation_flip'];True;False;False;False;negation only;negation_flip
493;..GÖRSEL ŞÖLEN DENİLECEK ENDER FİLMLERDEN.;neutral;positive;0.125;0.0208333333333333;False;1.0;0.4;negative;0.0;0.0208333333333333;False;True;False;False;True;False;False;False;True;2;1;1;"[""şölen"", ""de""]";"[""şölen""]";[];[];[];"[""suppressed_as_target""]";['suppressed_as_target'];False;True;False;False;suppression only;suppressed_as_target
502;Kötü diyemem ama izleseniz iyi olur.;positive;negative;0.6111111111111112;0.9208333333333334;False;0.8333333333333334;0.5;positive;1.5319444444444446;0.0;True;True;True;False;False;True;False;True;False;3;3;0;"[""kötü"", ""de"", ""iyi""]";[];[];"[""de"", ""de""]";"[""ama""]";"[""negation_flip"", ""negation_flip"", ""contrast_detected""]";['negation_flip', 'negation_flip', 'contrast_detected'];True;False;False;True;negation only;contrast_detected + negation_flip
517;Ben bu kadar karizmadan uzak bir kötü bond karakteri görmedim.;negative;negative;0.25;2.025;True;0.9;0.4;positive;1.25;1.025;False;True;False;True;False;True;False;False;False;4;4;0;"[""karizma"", ""uzak"", ""kötü"", ""gör""]";"[""karakter"", ""bond"", ""ben""]";[];"[""gör""]";[];"[""negation_flip""]";['negation_flip'];True;False;False;False;negation only;negation_flip
525;Sonuç olarak yine de ''Hiçbir Bond filmi kötü olmaz''.;positive;negative;0.0;0.9208333333333334;False;0.8888888888888888;0.2222222222222222;positive;0.9;0.0208333333333333;True;True;True;False;False;True;False;False;False;2;2;0;"[""de"", ""kötü""]";"[""film""]";[];"[""ol""]";[];"[""negation_flip""]";['negation_flip'];True;False;False;False;negation only;negation_flip
529;Filmi başarılı bulsam da diğer 3 Brosnan filmi kadar başarılı değil bana göre.;positive;positive;2.0;0.0227272727272727;True;0.9230769230769232;0.2307692307692307;negative;1.0;1.0227272727272727;False;True;False;True;False;True;False;False;False;3;3;0;"[""başarılı"", ""da"", ""başarılı""]";"[""film"", ""film""]";[];"[""değil""]";[];"[""negation_flip""]";['negation_flip'];True;False;False;False;negation only;negation_flip
534;ya adamlar teknoloji konusunda ilerlemekle bile kalmamışlar.;neutral;negative;0.0;0.0227272727272727;False;0.8571428571428571;0.1428571428571428;positive;0.0227272727272727;0.0;False;True;False;False;True;True;False;False;False;1;1;0;"[""adam""]";[];[];"[""kal""]";[];"[""negation_flip""]";['negation_flip'];True;False;False;False;negation only;negation_flip
535;bi de bond un yaralandığı hiç olmadı sanırım.;neutral;negative;0.0;0.5208333333333334;False;0.625;0.25;positive;0.5;0.0208333333333333;False;True;False;False;True;True;False;False;False;2;2;0;"[""de"", ""hiç""]";[];[];"[""ol""]";[];"[""negation_flip""]";['negation_flip'];True;False;False;False;negation only;negation_flip
537;yok ya böle film kaçmaz:D:D;positive;negative;0.0;0.2142857142857142;False;1.0;0.1428571428571428;positive;0.2142857142857142;0.0;True;True;True;False;False;True;False;False;False;1;1;0;"[""yok""]";"[""film""]";[];"[""kaç""]";[];"[""negation_flip""]";['negation_flip'];True;False;False;False;negation only;negation_flip
548;Kate Winslet ve Leonardo DiCaprio'nun yıldızını parlatan Titanic sinemalarda yer aldığı dönemde inanılmaz bir ilgi görmüş hiç sinemaya gitmediğini bildiğim insanları peşinden sinemaya sürüklemiş bir filmdir.;positive;negative;1.015625;1.6666666666666667;False;0.6538461538461539;0.1923076923076923;positive;1.515625;1.1666666666666667;True;True;True;False;False;True;False;False;False;5;5;0;"[""yer"", ""al"", ""inanılmaz"", ""gör"", ""hiç""]";"[""ilgi""]";[];"[""inan"", ""git"", ""git""]";[];"[""negation_flip"", ""negation_flip"", ""negation_flip""]";['negation_flip', 'negation_flip', 'negation_flip'];True;False;False;False;negation only;negation_flip
560;Ne hayatların ne umutların ne servetlerin oksanusun derinliklerine kayıp gittiği böylesi bir gemi kazası bile düşündükçe tüylerimizi diken diken etmeye yetiyor zaten.;neutral;neutral;0.375;0.375;True;0.8181818181818182;0.1363636363636363;negative;0.0;0.375;False;True;False;True;False;False;False;False;True;3;2;1;"[""umut"", ""kayıp"", ""etme""]";"[""umut"", ""tüy""]";[];[];[];"[""suppressed_as_target""]";['suppressed_as_target'];False;True;False;False;suppression only;suppressed_as_target
562;..Filmin konusu 1912 yılında ilk seferine çıkacak olan o dönemde dünyanın en büyük gemisi Titanic için batmaz denilmektedir.;neutral;negative;0.0;0.0208333333333333;False;0.8333333333333334;0.0555555555555555;positive;0.0208333333333333;0.0;False;True;False;False;True;True;False;False;False;1;1;0;"[""de""]";[];[];"[""bat""]";[];"[""negation_flip""]";['negation_flip'];True;False;False;False;negation only;negation_flip
566;.Her zaman ki gibi sınıf ayrılığı olması ve imkansız aşk hoş karşılanmayacaktır.;neutral;positive;1.0;0.25;False;0.9166666666666666;0.1666666666666666;negative;0.0;0.25;False;True;False;False;True;False;False;False;True;2;1;1;"[""imkansız"", ""aşk""]";"[""aşk""]";[];[];[];"[""suppressed_as_target""]";['suppressed_as_target'];False;True;False;False;suppression only;suppressed_as_target
571;.Ondan sonraki filmlerinde bu kadar başarı sağlayamadılar zaten böyle bir filmde yapılabilirmi bilemiyorum.;neutral;positive;0.375;0.0;False;0.7692307692307693;0.0769230769230769;negative;0.0;0.375;False;True;False;False;True;True;False;False;False;1;1;0;"[""başarı""]";[];[];"[""sağla""]";[];"[""negation_flip""]";['negation_flip'];True;False;False;False;negation only;negation_flip
589;başından sonuna kadar 3 saatlik enfes bir macera;positive;neutral;0.125;0.125;False;1.0;0.25;negative;0.0;0.125;False;True;False;False;True;False;False;False;True;2;1;1;"[""son"", ""macera""]";"[""macera""]";[];[];[];"[""suppressed_as_target""]";['suppressed_as_target'];False;True;False;False;suppression only;suppressed_as_target
632;inanılmaz abartılan avatardan milyon kat daha iyi bir film.;positive;positive;1.6111111111111112;0.0;True;0.7777777777777778;0.2222222222222222;negative;0.6111111111111112;1.0;False;True;False;True;False;True;False;False;False;2;2;0;"[""inanılmaz"", ""iyi""]";"[""film""]";[];"[""inan""]";[];"[""negation_flip""]";['negation_flip'];True;False;False;False;negation only;negation_flip
633;james cameron ın bu derece şöhret sahibi olmasına yaraması dışında bir insanda tüm duyguları uyandıran içine hiç çıkmayacak şekilde işleyen ölene kadar unutamaycağınız ve belkide seyrederken en katımızın bile ağlayabileceği sahnelerle dolu bir başyapıt.;positive;negative;0.25;1.1428571428571428;False;0.7352941176470589;0.1176470588235294;positive;0.8928571428571428;0.5;True;True;True;False;False;True;True;False;False;4;4;0;"[""yara"", ""tüm"", ""hiç"", ""katı""]";"[""james""]";"[""en""]";"[""çık"", ""ağla""]";[];"[""negation_flip"", ""negation_flip"", ""modifier_detected""]";['negation_flip', 'negation_flip', 'modifier_detected'];True;False;True;False;negation only;modifier_detected + negation_flip
649;İmkansız bir aşk.;positive;positive;1.0;0.25;True;1.0;0.6666666666666666;negative;0.0;0.25;False;True;False;True;False;False;False;False;True;2;1;1;"[""imkansız"", ""aşk""]";"[""aşk""]";[];[];[];"[""suppressed_as_target""]";['suppressed_as_target'];False;True;False;False;suppression only;suppressed_as_target
658;"""Denize indirilirken """"""""Tanrı bile batıramaz"""""""" denmişti.""";neutral;negative;0.0;0.0208333333333333;False;0.6666666666666666;0.1666666666666666;positive;0.0208333333333333;0.0;False;True;False;False;True;True;False;False;False;1;1;0;"[""de""]";[];[];"[""batır""]";[];"[""negation_flip""]";['negation_flip'];True;False;False;False;negation only;negation_flip
674;...1990 yılından itibaren kurgu dalında oscar ödülü almış bazı filmler aşağıda listelenmektedir.;neutral;positive;0.75;0.2291666666666666;False;0.75;0.25;negative;0.0;0.2291666666666666;False;True;False;False;True;False;False;False;True;3;2;1;"[""ödül"", ""al"", ""aşağı""]";"[""ödül"", ""film""]";[];[];[];"[""suppressed_as_target""]";['suppressed_as_target'];False;True;False;False;suppression only;suppressed_as_target
679;Birde not düşelim Mementoda aslında bu ödülü alamamıştır.;neutral;positive;0.75;0.1666666666666666;False;0.875;0.25;negative;0.1666666666666666;0.75;False;True;False;False;True;True;True;False;False;2;2;0;"[""ödül"", ""al""]";"[""mementoda"", ""mementoda""]";"[""birde"", ""aslında""]";"[""al"", ""al""]";[];"[""negation_flip"", ""negation_flip"", ""modifier_detected""]";['negation_flip', 'negation_flip', 'modifier_detected'];True;False;True;False;negation only;modifier_detected + negation_flip
684;evet en iyi film bu bundan iyisi yapılamaz.;positive;positive;1.2222222222222223;0.0;True;0.875;0.25;neutral;0.6111111111111112;0.6111111111111112;False;True;False;True;False;True;True;False;False;2;2;0;"[""iyi"", ""iyi""]";"[""film"", ""bu""]";"[""en""]";"[""yap""]";[];"[""modifier_detected"", ""negation_flip""]";['modifier_detected', 'negation_flip'];True;False;True;False;negation only;modifier_detected + negation_flip
697;Ama aynı şeyi hiç kimse Titanik için yapmıyor.;positive;negative;0.0;0.5;False;0.75;0.125;positive;0.5;0.0;True;True;True;False;False;True;False;True;False;1;1;0;"[""hiç""]";"[""kimse""]";[];"[""yap""]";"[""ama""]";"[""negation_flip"", ""contrast_detected""]";['negation_flip', 'contrast_detected'];True;False;False;True;negation only;contrast_detected + negation_flip
699;Yine o artık duymaktan bıktığınız şeyi söyleyeceğim zevkler ve renkler tartışılmaz.;neutral;positive;0.5;0.0;False;0.8181818181818182;0.0909090909090909;negative;0.0;0.5;False;True;False;False;True;True;False;False;False;1;1;0;"[""zevk""]";"[""o""]";[];"[""tartış""]";[];"[""negation_flip""]";['negation_flip'];True;False;False;False;negation only;negation_flip
709;Ağlama konusuna gelince evet itiraf edeyim benim de gözlerim doldu finalde çok dokunaklıydı ama bir filmin sizi ağlatması demek o filmin çok iyi olduğu anlamına mı gelir bunu bir düşünmek gerek.;neutral;negative;0.6111111111111112;0.7916666666666667;False;0.8709677419354839;0.1290322580645161;positive;1.3611111111111112;0.0416666666666666;False;True;False;False;True;True;True;False;False;4;4;0;"[""ağlama"", ""de"", ""de"", ""iyi""]";"[""film""]";"[""çok""]";"[""ağla""]";[];"[""negation_flip"", ""modifier_detected""]";['negation_flip', 'modifier_detected'];True;False;True;False;negation only;modifier_detected + negation_flip
714;Bu da anlamadığım bir diğer mesele.;neutral;negative;0.0;0.356060606060606;False;0.8333333333333334;0.3333333333333333;positive;0.3333333333333333;0.0227272727272727;False;True;False;False;True;True;False;False;False;2;2;0;"[""da"", ""mesele""]";"[""bu""]";[];"[""anla""]";[];"[""negation_flip""]";['negation_flip'];True;False;False;False;negation only;negation_flip
745;Fakat bu klişe konu bundan daha iyi de çekilemezdi heralde.;neutral;positive;0.6111111111111112;0.1458333333333333;False;0.8;0.3;negative;0.0;0.7569444444444445;False;True;False;False;True;True;False;True;False;3;3;0;"[""klişe"", ""iyi"", ""de""]";"[""konu""]";[];"[""çek""]";"[""fakat""]";"[""negation_flip"", ""contrast_detected""]";['negation_flip', 'contrast_detected'];True;False;False;True;negation only;contrast_detected + negation_flip
756;.100den fazla izlediğime adım gibi eminim(abartmıyorum)nasıl bu film 9.;positive;positive;0.1875;0.0;True;0.7272727272727273;0.0909090909090909;negative;0.0;0.1875;False;True;False;True;False;True;True;False;False;1;1;0;"[""emin""]";[];"[""adım""]";"[""abar""]";[];"[""negation_flip"", ""modifier_detected""]";['negation_flip', 'modifier_detected'];True;False;True;False;negation only;modifier_detected + negation_flip
781;daha iyisi yapılana dek(ki hic sanmıyorum) en iyi bu;positive;positive;1.2222222222222223;0.0;True;0.8;0.2;neutral;0.6111111111111112;0.6111111111111112;False;True;False;True;False;True;True;False;False;2;2;0;"[""iyi"", ""iyi""]";"[""bu""]";"[""daha"", ""en""]";"[""san""]";[];"[""modifier_detected"", ""negation_flip"", ""modifier_detected""]";['modifier_detected', 'negation_flip', 'modifier_detected'];True;False;True;False;negation only;modifier_detected + negation_flip
824;Fakir oğlan zengin kız aşkı ne yazık ki gerçekçi değil.;neutral;positive;1.8125;1.3375;False;1.0;0.5;negative;0.8125;2.3375;False;True;False;False;True;True;False;False;False;5;5;0;"[""fakir"", ""oğlan"", ""zengin"", ""aşk"", ""yazık""]";"[""ne""]";[];"[""değil""]";[];"[""negation_flip""]";['negation_flip'];True;False;False;False;negation only;negation_flip
851;Hayat boyu hiç bıkmadan izlenebilecek ve hep etkileyecek bir şaheser.;positive;neutral;0.5;0.5;False;0.7;0.2;positive;1.0;0.0;True;True;True;False;False;True;False;False;False;2;2;0;"[""hiç"", ""şaheser""]";"[""boy""]";[];"[""bık""]";[];"[""negation_flip""]";['negation_flip'];True;False;False;False;negation only;negation_flip
857;Film gusel ama sonu ne kadarda sacma sapan bıttı bole gusel bı fılme yakısmadı sonu hemde ıkısı aynı anda bınebılırdı o tahtaya!:(;neutral;negative;0.0;0.25;False;0.5454545454545454;0.0909090909090909;neutral;0.125;0.125;True;True;True;False;False;True;False;True;False;2;2;0;"[""son"", ""son""]";"[""fılme""]";[];"[""yakıs""]";"[""ama""]";"[""contrast_detected"", ""negation_flip""]";['contrast_detected', 'negation_flip'];True;False;False;True;negation only;contrast_detected + negation_flip
860;defalarca izlediğim hiç bıkmıycam bir film zaman;positive;negative;0.0;0.5;False;0.7142857142857143;0.1428571428571428;positive;0.5;0.0;True;True;True;False;False;True;False;False;False;1;1;0;"[""hiç""]";"[""film""]";[];"[""bık""]";[];"[""negation_flip""]";['negation_flip'];True;False;False;False;negation only;negation_flip
869;bayıldım sinemada izleyemedim ama cd sini aldım;neutral;negative;0.0;0.1666666666666666;False;0.7142857142857143;0.1428571428571428;positive;0.1666666666666666;0.0;False;True;False;False;True;True;False;True;False;1;1;0;"[""al""]";"[""cd""]";[];"[""izle""]";"[""ama""]";"[""negation_flip"", ""contrast_detected""]";['negation_flip', 'contrast_detected'];True;False;False;True;negation only;contrast_detected + negation_flip
921;hala izliyorum kaçıncı izleyişim hiç sayamadm.;positive;negative;0.0;0.5;False;0.5;0.1666666666666666;positive;0.5;0.0;True;True;True;False;False;True;False;False;False;1;1;0;"[""hiç""]";[];[];"[""say""]";[];"[""negation_flip""]";['negation_flip'];True;False;False;False;negation only;negation_flip
928;gerçek bir trajediyi beyazperdeye yaşıdı.;neutral;negative;0.0833333333333333;0.5;False;0.8;0.4;positive;0.0833333333333333;0.0;False;True;False;False;True;False;False;False;True;2;1;1;"[""gerçek"", ""trajedi""]";"[""trajedi""]";[];[];[];"[""suppressed_as_target""]";['suppressed_as_target'];False;True;False;False;suppression only;suppressed_as_target
938;Yani halk titanik i beğenmedi demek yerine neden beğenmeyenler toplaşıp puanını düşürdü diyemiyoruz?;neutral;negative;0.015625;0.0416666666666666;False;0.6153846153846154;0.2307692307692307;positive;0.0572916666666666;0.0;False;True;False;False;True;True;False;False;False;3;3;0;"[""de"", ""yer"", ""de""]";"[""puan""]";[];"[""beğen"", ""de""]";[];"[""negation_flip"", ""negation_flip""]";['negation_flip', 'negation_flip'];True;False;False;False;negation only;negation_flip
943;İnsanlar filmi 8-10 defa izlediler sonra beğenmediler de 1 puan verdiler öyle mi?;negative;negative;0.0;0.0208333333333333;True;0.7857142857142857;0.0714285714285714;positive;0.0208333333333333;0.0;False;True;False;True;False;True;False;False;False;1;1;0;"[""de""]";[];[];"[""beğen""]";[];"[""negation_flip""]";['negation_flip'];True;False;False;False;negation only;negation_flip
955;tek kelimeyle harikaydı ilk sinemada izledim ve etkisinden uzun zaman kurtulamadım aradan kaç yıl geçti her izlediğimde aynı etkiyi yapıyo mutlaka izleyin diyeceğim ama zaten izlemeyen yoktur:);positive;positive;1.0;0.2351190476190476;True;0.7777777777777778;0.1111111111111111;negative;0.2142857142857142;1.0208333333333333;False;True;False;True;False;True;True;True;False;3;3;0;"[""harika"", ""de"", ""yok""]";"[""kelime"", ""kelime"", ""kelime""]";"[""zaten""]";"[""kurtula"", ""izle""]";"[""ama""]";"[""negation_flip"", ""negation_flip"", ""modifier_detected"", ""contrast_detected""]";['negation_flip', 'negation_flip', 'modifier_detected', 'contrast_detected'];True;False;True;True;negation only;contrast_detected + modifier_detected + negation_flip
960;Ama en iyisi değil bence.;neutral;positive;0.6111111111111112;0.0;False;1.0;0.2;negative;0.0;0.6111111111111112;False;True;False;False;True;True;True;True;False;1;1;0;"[""iyi""]";[];"[""en""]";"[""değil""]";"[""ama""]";"[""negation_flip"", ""modifier_detected"", ""contrast_detected""]";['negation_flip', 'modifier_detected', 'contrast_detected'];True;False;True;True;negation only;contrast_detected + modifier_detected + negation_flip
971;Ben titanikten başka bir filme böyle ağladığımı hatırlamıyorum gene olsa gene seyrederim asla ve hiç bıkmam bu filmi izlemeyen varsa(ki olduğunu zannetmiyorum) mutkala izlesin.;positive;negative;0.0;0.5;False;0.64;0.04;positive;0.5;0.0;True;True;True;False;False;True;False;False;False;1;1;0;"[""hiç""]";[];[];"[""bık""]";[];"[""negation_flip""]";['negation_flip'];True;False;False;False;negation only;negation_flip
1002;şaka bi tarafa başın da baş yapıtıı derler yaa işte öyle bir şeyy izlemeyen varmı bilmiyorum da böyle bir film herhalde 100 yılda bir gelirrr 10/10;positive;negative;0.0;0.0454545454545454;False;0.6666666666666666;0.074074074074074;neutral;0.0227272727272727;0.0227272727272727;False;True;False;False;True;True;False;False;False;2;2;0;"[""da"", ""da""]";[];[];"[""bil""]";[];"[""negation_flip""]";['negation_flip'];True;False;False;False;negation only;negation_flip
1023;Filmin etkisini inanılmaz derecede aşılamışlar izleyiciye.;positive;positive;1.0;0.0;True;0.8333333333333334;0.1666666666666666;negative;0.0;1.0;False;True;False;True;False;True;False;False;False;1;1;0;"[""inanılmaz""]";[];[];"[""inan""]";[];"[""negation_flip""]";['negation_flip'];True;False;False;False;negation only;negation_flip
1026;kesinlikle filmin en orjinal cd sini alın bu filme neler verimez ki.;neutral;negative;0.0;0.1666666666666666;False;0.8333333333333334;0.0833333333333333;positive;0.1666666666666666;0.0;False;True;False;False;True;True;True;False;False;1;1;0;"[""al""]";"[""cd""]";"[""kesinlik""]";"[""ver""]";[];"[""negation_flip"", ""modifier_detected""]";['negation_flip', 'modifier_detected'];True;False;True;False;negation only;modifier_detected + negation_flip
1035;Kate Winsletin yaşlılığını oynayan Gloria Stuartda rolünün hakkını vermemiş.;positive;positive;0.025;0.0;True;0.3333333333333333;0.1111111111111111;negative;0.0;0.025;False;True;False;True;False;True;False;False;False;1;1;0;"[""hak""]";[];[];"[""ver""]";[];"[""negation_flip""]";['negation_flip'];True;False;False;False;negation only;negation_flip
1066;..listemde 1 numaradır yeri sarsılmaz .;positive;negative;0.015625;0.125;False;0.8;0.4;positive;0.125;0.0;True;True;True;False;False;True;False;False;True;2;1;1;"[""numara"", ""yer""]";"[""yer""]";[];"[""sarsıl"", ""sarsıl""]";[];"[""negation_flip"", ""suppressed_as_target""]";['negation_flip', 'suppressed_as_target'];True;True;False;False;negation + suppression;negation_flip + suppressed_as_target
1068;film öylesine gerçekçi yapilmış ki film bittikten sonra kendimi o zamandan alamadım.;positive;negative;0.0;0.1666666666666666;False;0.8333333333333334;0.0833333333333333;positive;0.1666666666666666;0.0;True;True;True;False;False;True;False;False;False;1;1;0;"[""al""]";"[""kendi""]";[];"[""al""]";[];"[""negation_flip""]";['negation_flip'];True;False;False;False;negation only;negation_flip
1084;süper bir film hiç bir film yerini yutamaz benim için;positive;positive;0.515625;0.5;True;0.9;0.3;negative;0.5;0.515625;False;True;False;True;False;True;False;False;False;3;3;0;"[""süper"", ""hiç"", ""yer""]";"[""film"", ""film""]";[];"[""yut""]";[];"[""negation_flip""]";['negation_flip'];True;False;False;False;negation only;negation_flip
1092;titanik yüzyılın filmi bu kadar güzel bir filmi hayatımda görmedim.;positive;negative;0.4545454545454545;1.0;False;0.9;0.2;positive;1.4545454545454546;0.0;True;True;True;False;False;True;False;False;False;2;2;0;"[""güzel"", ""gör""]";"[""film"", ""film""]";[];"[""gör""]";[];"[""negation_flip""]";['negation_flip'];True;False;False;False;negation only;negation_flip
1095;bu kadar çocukca bir film hayatımda görmedim çok kro kültüre sahip;positive;negative;0.0;1.0;False;0.8181818181818182;0.0909090909090909;positive;1.0;0.0;True;True;True;False;False;True;False;False;False;1;1;0;"[""gör""]";[];[];"[""gör""]";[];"[""negation_flip""]";['negation_flip'];True;False;False;False;negation only;negation_flip
1107;Bu film için hiç bir yorum yetmez o kadar güzel gerçekçiki insan izlemeye doyamıyor.;positive;positive;0.5378787878787878;0.5;True;0.8571428571428571;0.2142857142857142;negative;0.4545454545454545;0.5833333333333334;False;True;False;True;False;True;False;False;False;3;3;0;"[""hiç"", ""güzel"", ""gerçek""]";"[""insan""]";[];"[""yet""]";[];"[""negation_flip""]";['negation_flip'];True;False;False;False;negation only;negation_flip
1117;inanılmaz..;positive;positive;1.0;0.0;True;1.0;1.0;negative;0.0;1.0;False;True;False;True;False;True;False;False;False;1;1;0;"[""inanılmaz""]";[];[];"[""inan""]";[];"[""negation_flip""]";['negation_flip'];True;False;False;False;negation only;negation_flip
1124;izlemekten hiç bıkmadığım bir film.;positive;negative;0.0;0.5;False;0.6;0.2;positive;0.5;0.0;True;True;True;False;False;True;False;False;False;1;1;0;"[""hiç""]";[];[];"[""bık""]";[];"[""negation_flip""]";['negation_flip'];True;False;False;False;negation only;negation_flip
1125;eğer beğenmeyen varsa hiçbirşeyen anlamıyor demektir;positive;negative;0.0;0.0208333333333333;False;0.5;0.1666666666666666;positive;0.0208333333333333;0.0;True;True;True;False;False;True;False;False;False;1;1;0;"[""de""]";[];[];"[""anla""]";[];"[""negation_flip""]";['negation_flip'];True;False;False;False;negation only;negation_flip
1128;Yok 11 oscarı haketmedi yok saçma romantik vs.;negative;negative;0.0;0.7285714285714285;True;0.625;0.375;positive;0.4285714285714285;0.3;False;True;False;True;False;True;False;False;False;3;3;0;"[""yok"", ""yok"", ""saçma""]";"[""oscarı"", ""oscarı"", ""romantik""]";[];"[""haket"", ""haket""]";[];"[""negation_flip"", ""negation_flip""]";['negation_flip', 'negation_flip'];True;False;False;False;negation only;negation_flip
1160;.izlemeden ölemeyin derim ben çok şey kaçırmış olursunuz.;positive;negative;0.0;0.0208333333333333;False;0.75;0.125;positive;0.0208333333333333;0.0;True;True;True;False;False;True;False;False;False;1;1;0;"[""de""]";[];[];"[""öl""]";[];"[""negation_flip""]";['negation_flip'];True;False;False;False;negation only;negation_flip
1189;Titanik size çok büyük sosyal mesajlar vermez evet ama bu yukarıda saydıklarımı gerçekleştirmediğini göstermez.;neutral;positive;0.05;0.0;False;0.7142857142857143;0.0714285714285714;negative;0.0;0.05;False;True;False;False;True;True;False;False;False;1;1;0;"[""yukarı""]";"[""say""]";[];"[""gerçekleş""]";[];"[""negation_flip""]";['negation_flip'];True;False;False;False;negation only;negation_flip
1208;şimdiye kadar bu kadar güzel bir romantik film seyretmedim tabiki filmde yaşananlar gerçek olunca canım acıdı filmi seyrederken;positive;positive;1.76010101010101;0.5714285714285714;True;0.7777777777777778;0.2777777777777778;negative;0.5378787878787878;0.5714285714285714;False;True;False;True;False;False;False;False;True;5;3;2;"[""güzel"", ""yaşa"", ""gerçek"", ""can"", ""acı""]";"[""film"", ""yaşa"", ""can""]";[];[];[];"[""suppressed_as_target"", ""suppressed_as_target""]";['suppressed_as_target', 'suppressed_as_target'];False;True;False;False;suppression only;suppressed_as_target
1209;Hayatımda böylesine güzel bir film görmedim.;positive;negative;0.4545454545454545;1.0;False;1.0;0.3333333333333333;positive;1.4545454545454546;0.0;True;True;True;False;False;True;True;False;False;2;2;0;"[""güzel"", ""gör""]";"[""film"", ""film""]";"[""böylesine""]";"[""gör""]";[];"[""modifier_detected"", ""negation_flip""]";['modifier_detected', 'negation_flip'];True;False;True;False;negation only;modifier_detected + negation_flip
1219;Titanici izlemeyen yoktur sanırım.;neutral;negative;0.0;0.2142857142857142;False;0.5;0.25;positive;0.2142857142857142;0.0;False;True;False;False;True;True;False;False;False;1;1;0;"[""yok""]";[];[];"[""izle""]";[];"[""negation_flip""]";['negation_flip'];True;False;False;False;negation only;negation_flip
1271;..yıllar sonra bile unutulmayan bi aşk.;positive;positive;1.0;0.0;True;0.6666666666666666;0.1666666666666666;negative;0.0;1.0;False;True;False;True;False;True;True;False;False;1;1;0;"[""aşk""]";[];"[""sonra""]";"[""unut""]";[];"[""negation_flip"", ""modifier_detected""]";['negation_flip', 'modifier_detected'];True;False;True;False;negation only;modifier_detected + negation_flip
1272;.belki 30 kez izledim ama yinede daha filmin ilk sahnesinde başlıyorum ağlamaya ve sanki ilk defa izliyomuşum gibi filmin sonuda onların birleşmelerini istiyorum.;positive;negative;0.0;0.75;False;0.7391304347826086;0.0434782608695652;positive;0.75;0.0;True;True;True;False;False;True;False;True;False;1;1;0;"[""ağlama""]";[];[];"[""ağla""]";"[""ama""]";"[""negation_flip"", ""contrast_detected""]";['negation_flip', 'contrast_detected'];True;False;False;True;negation only;contrast_detected + negation_flip
1279;Mutlaka izleyin demeyeceğim.;negative;negative;0.0;0.0208333333333333;True;0.6666666666666666;0.3333333333333333;positive;0.0208333333333333;0.0;False;True;False;True;False;True;True;False;False;1;1;0;"[""de""]";[];"[""mutlaka""]";"[""de""]";[];"[""negation_flip"", ""modifier_detected""]";['negation_flip', 'modifier_detected'];True;False;True;False;negation only;modifier_detected + negation_flip
1280;Çünkü zaten izlemeyen yoktur.;positive;negative;0.0;0.2142857142857142;False;0.75;0.25;positive;0.2142857142857142;0.0;True;True;True;False;False;True;True;False;False;1;1;0;"[""yok""]";[];"[""zaten""]";"[""izle""]";[];"[""negation_flip"", ""modifier_detected""]";['negation_flip', 'modifier_detected'];True;False;True;False;negation only;modifier_detected + negation_flip
1291;gecen gün internette sorun cıkıp internete giremeyince bir nostalji yapayım dedim.;neutral;negative;0.0;0.7708333333333334;False;0.6363636363636364;0.1818181818181818;positive;0.75;0.0208333333333333;False;True;False;False;True;True;False;False;False;2;2;0;"[""sorun"", ""de""]";[];[];"[""gir""]";[];"[""negation_flip""]";['negation_flip'];True;False;False;False;negation only;negation_flip
1311;yeri asla doldurulamaz bir film.;positive;positive;0.015625;0.0;True;0.8;0.2;negative;0.0;0.015625;False;True;False;True;False;True;False;False;False;1;1;0;"[""yer""]";[];[];"[""dol""]";[];"[""negation_flip""]";['negation_flip'];True;False;False;False;negation only;negation_flip
1323;hayatımda gördüğüm en güzel filmlerden bir tanesi adeta o zamanı yasıyorsunuz özellikle kıyafetler ve oyuncuların inanılmaz performansı beni çok etkiledi.;positive;positive;1.4545454545454546;1.0;True;0.95;0.15;negative;0.4545454545454545;2.0;False;True;False;True;False;True;True;False;False;3;3;0;"[""gör"", ""güzel"", ""inanılmaz""]";"[""film""]";"[""en""]";"[""inan""]";[];"[""modifier_detected"", ""negation_flip""]";['modifier_detected', 'negation_flip'];True;False;True;False;negation only;modifier_detected + negation_flip
1333;şu filmi beğenmeyen de çıkarsa ben ne diyeyim artık!;positive;negative;0.0;1.0416666666666663;False;0.8888888888888888;0.3333333333333333;positive;1.0208333333333333;0.0208333333333333;True;True;True;False;False;True;True;False;False;3;3;0;"[""de"", ""çıkar"", ""de""]";"[""film"", ""ben"", ""ben""]";"[""artık""]";"[""beğen"", ""beğen""]";[];"[""negation_flip"", ""negation_flip"", ""modifier_detected""]";['negation_flip', 'negation_flip', 'modifier_detected'];True;False;True;False;negation only;modifier_detected + negation_flip
1344;film güzel ama 11 oscarli diğer bir film olan Ben Hur'un yanından bile geçemez.;positive;positive;0.4545454545454545;0.0;True;0.8571428571428571;0.0714285714285714;negative;0.0;0.4545454545454545;False;True;False;True;False;True;False;False;False;1;1;0;"[""güzel""]";"[""film""]";[];"[""geç""]";[];"[""negation_flip""]";['negation_flip'];True;False;False;False;negation only;negation_flip
1347;2. serinin fragmanlarını gördüm ilki kadar heyecanlı gözükmüyor konudan biraz sapılmış sanırım ama yinede merakla bekliyorum.;positive;negative;0.0;1.4583333333333333;False;0.8125;0.1875;positive;1.0833333333333333;0.375;True;True;True;False;False;True;False;True;False;3;3;0;"[""gör"", ""heyecanlı"", ""merak""]";"[""fragman""]";[];"[""gözük"", ""gözük""]";"[""ama""]";"[""negation_flip"", ""negation_flip"", ""contrast_detected""]";['negation_flip', 'negation_flip', 'contrast_detected'];True;False;False;True;negation only;contrast_detected + negation_flip
1371;hiç oscarına güvenmeyin.;negative;negative;0.0;0.5;True;0.6666666666666666;0.3333333333333333;positive;0.5;0.0;False;True;False;True;False;True;False;False;False;1;1;0;"[""hiç""]";[];[];"[""güven""]";[];"[""negation_flip""]";['negation_flip'];True;False;False;False;negation only;negation_flip
1384;Bu filmi izleyin demeyeceğim çünkü izlediğinizi biliyorum!;positive;negative;0.0;0.0208333333333333;False;0.5714285714285714;0.1428571428571428;positive;0.0208333333333333;0.0;True;True;True;False;False;True;False;False;False;1;1;0;"[""de""]";[];[];"[""de""]";[];"[""negation_flip""]";['negation_flip'];True;False;False;False;negation only;negation_flip
1386;bu kadar büyük bir sevgi imkansız gibi geliyor bana.;positive;positive;1.0;0.25;True;0.8888888888888888;0.2222222222222222;negative;0.0;0.25;False;True;False;True;False;False;False;False;True;2;1;1;"[""sevgi"", ""imkansız""]";"[""sevgi""]";[];[];[];"[""suppressed_as_target""]";['suppressed_as_target'];False;True;False;False;suppression only;suppressed_as_target
1419;Filmi bu kadar seviyoruz ama puanı 9.1 yazık çok yazık doğrusu bence 9.5 den aşağı olmamalı Yüzüklerin Efendisi gibi hiçbir zaman gerçek olmayacak şeyleri işleyen filme 9.6 veriliyor yaşanmış gerçek bir olayı işleyen bu filme 9.1 yazık gerçekten de.;positive;negative;1.4166666666666663;2.3541666666666665;False;0.9069767441860463;0.2325581395348837;positive;2.145833333333333;1.625;True;True;True;False;False;True;True;True;False;10;10;0;"[""yazık"", ""yazık"", ""doğru"", ""de"", ""aşağı"", ""gerçek"", ""yaşa"", ""gerçek"", ""yazık"", ""de""]";"[""puan"", ""puan"", ""puan"", ""olay""]";"[""çok"", ""doğru"", ""gerçekten""]";"[""ol"", ""ol"", ""ol""]";"[""ama"", ""ama"", ""ama""]";"[""contrast_detected"", ""negation_flip"", ""modifier_detected"", ""contrast_detected"", ""contrast_detected"", ""negation_flip"", ""negation_flip""]";['contrast_detected', 'negation_flip', 'modifier_detected', 'contrast_detected', 'contrast_detected', 'negation_flip', 'negation_flip'];True;False;True;True;negation only;contrast_detected + modifier_detected + negation_flip
1426;Öncelikle şunu söyliyim Titanik bir film değil bir gerçektir.;neutral;positive;0.0833333333333333;0.0;False;0.7777777777777778;0.1111111111111111;negative;0.0;0.0833333333333333;False;True;False;False;True;True;False;False;False;1;1;0;"[""gerçek""]";"[""şu""]";[];"[""değil""]";[];"[""negation_flip""]";['negation_flip'];True;False;False;False;negation only;negation_flip
1430;bu puan bu filme hiç yakışmıyor.;neutral;negative;0.0;0.5;False;0.8333333333333334;0.1666666666666666;positive;0.5;0.0;False;True;False;False;True;True;False;False;False;1;1;0;"[""hiç""]";"[""puan""]";[];"[""yakış""]";[];"[""negation_flip""]";['negation_flip'];True;False;False;False;negation only;negation_flip
1457;..bu başyapıttan kazandığı karizmayla cok seyler yapabilirdi ama kullanamadı.;neutral;positive;0.25;0.0;False;0.5555555555555556;0.1111111111111111;negative;0.0;0.25;False;True;False;False;True;True;False;False;False;1;1;0;"[""karizma""]";"[""seyler""]";[];"[""yap""]";[];"[""negation_flip""]";['negation_flip'];True;False;False;False;negation only;negation_flip
1460;ya bir filmde hic mi kusur olmaz ya.;positive;negative;0.0;0.625;False;0.875;0.125;positive;0.625;0.0;True;True;True;False;False;True;False;False;False;1;1;0;"[""kusur""]";[];[];"[""ol""]";[];"[""negation_flip""]";['negation_flip'];True;False;False;False;negation only;negation_flip
1466;Aldığı ödülleri sonuna kadar hak eden artık aşk mı desem bir tarihi filmi mi desem ne dersem diyim mutlaka izlenmesi gereken bir film.;positive;positive;1.775;0.3333333333333332;True;0.9130434782608696;0.3043478260869565;negative;0.025;0.3333333333333332;False;True;False;True;False;False;True;False;True;7;5;2;"[""al"", ""ödül"", ""son"", ""hak"", ""aşk"", ""de"", ""de""]";"[""ödül"", ""ödül"", ""aşk"", ""film""]";"[""son"", ""artık""]";[];[];"[""suppressed_as_target"", ""modifier_detected"", ""suppressed_as_target"", ""modifier_detected""]";['suppressed_as_target', 'modifier_detected', 'suppressed_as_target', 'modifier_detected'];False;True;True;False;suppression only;modifier_detected + suppressed_as_target
1483;ya yine bir leo filmi film tek kelimeyle mütiş leonun bu filmle bırakın oscar alamaması oscara aday olamaması bile hayal kırıklıgı titaniğin cıktıgı yıl oscarcılar filmden we oyunculuktan anlamıyordu herhalde ama tek kewlimeyle mütiş her izleyisimde leocuma biraz daha asık oluyorum herkese tavsiye ediyorum;positive;negative;0.125;0.875;False;0.6363636363636364;0.0909090909090909;neutral;0.5;0.5;False;True;False;False;True;True;True;False;False;4;4;0;"[""al"", ""oyunculuk"", ""asık"", ""tavsiye""]";"[""oscar"", ""oscarcılar"", ""tavsiye"", ""herkes""]";"[""biraz""]";"[""al"", ""anla"", ""anla""]";[];"[""negation_flip"", ""negation_flip"", ""modifier_detected"", ""negation_flip""]";['negation_flip', 'negation_flip', 'modifier_detected', 'negation_flip'];True;False;True;False;negation only;modifier_detected + negation_flip
1490;Ama romantik filmleri pek sevmediğimden 10 puan vermem.;negative;positive;0.125;0.0;False;0.75;0.125;negative;0.0;0.125;True;True;True;False;False;True;False;False;False;1;1;0;"[""pek""]";"[""film""]";[];"[""sev""]";[];"[""negation_flip""]";['negation_flip'];True;False;False;False;negation only;negation_flip
1502;. üzerinden ne kadar zaman geçse de eskimeyecek ve unutulmayacak film.;positive;negative;0.0;0.1875;False;0.9;0.2;positive;0.1666666666666666;0.0208333333333333;True;True;True;False;False;True;False;False;False;2;2;0;"[""de"", ""eski""]";"[""zaman""]";[];"[""eskir""]";[];"[""negation_flip""]";['negation_flip'];True;False;False;False;negation only;negation_flip
1514;tıtanıc harıka bir fılm ilk izlediğimde aklımda kalmıştı çok etkilendim canım ne zaman sıkılsa oturup tıtanığı seyredıyorum muhtesem bır fılm dıyecek baska soz yok.;positive;positive;0.2222222222222222;0.2142857142857142;True;0.375;0.0833333333333333;negative;0.0;0.2142857142857142;False;True;False;True;False;False;False;False;True;2;1;1;"[""can"", ""yok""]";"[""can""]";[];[];[];"[""suppressed_as_target""]";['suppressed_as_target'];False;True;False;False;suppression only;suppressed_as_target
1515;bu filme ben 4 sene boyunca aşıığıydım ama bir gün bi kanalda titanic bi kanalda rocky vardı rocky i izledim pişmanda olmadım titanicten soğudum ama rocky aşığı oldum srtık;positive;negative;0.0;1.0;False;0.6206896551724138;0.0344827586206896;positive;1.0;0.0;True;True;True;False;False;True;False;False;False;1;1;0;"[""pişman""]";[];[];"[""ol""]";[];"[""negation_flip""]";['negation_flip'];True;False;False;False;negation only;negation_flip
1522;baştan sona gözümü kırpmadan seyrettiğim ve sonundada gözerimin dolduğu ender filmlerden birisi.;positive;positive;0.75;0.2083333333333333;True;0.6666666666666666;0.25;negative;0.0;0.9583333333333334;False;True;False;True;False;True;False;False;False;3;3;0;"[""son"", ""gözüm"", ""biri""]";[];[];"[""kırp""]";[];"[""negation_flip""]";['negation_flip'];True;False;False;False;negation only;negation_flip
1525;Hayatımda belki onbinlerce film izlemişimdir ama aradan geçen bunca zamana kadar hiç sıkılmadan seyrettiğim hala ilk günkü kadar zevk aldığım her sahneyi büyük bir heyecanla izlediğim ilk ve sanırım da son film olacak.;positive;negative;0.5;0.8143939393939393;False;0.8787878787878788;0.1515151515151515;positive;0.5;0.3143939393939394;True;True;True;False;False;True;True;False;True;5;4;1;"[""hiç"", ""zevk"", ""al"", ""da"", ""son""]";"[""zevk"", ""film""]";"[""hala""]";"[""sıkıl""]";[];"[""negation_flip"", ""suppressed_as_target""]";['negation_flip', 'suppressed_as_target'];True;True;False;False;negation + suppression;negation_flip + suppressed_as_target
1548;Hiç sanmıyorum.;neutral;negative;0.0;0.5;False;1.0;0.5;positive;0.5;0.0;False;True;False;False;True;True;False;False;False;1;1;0;"[""hiç""]";[];[];"[""san""]";[];"[""negation_flip""]";['negation_flip'];True;False;False;False;negation only;negation_flip
1554;Bu filmi bi izleyen pişman bi de izlemeyen.;neutral;negative;0.0;1.0208333333333333;False;0.5;0.25;positive;1.0;0.0208333333333333;False;True;False;False;True;True;False;False;False;2;2;0;"[""pişman"", ""de""]";[];[];"[""izle""]";[];"[""negation_flip""]";['negation_flip'];True;False;False;False;negation only;negation_flip
1559;bu filimi hiç unutmayacaım .;positive;negative;0.0;0.5;False;0.75;0.25;positive;0.5;0.0;True;True;True;False;False;True;False;False;False;1;1;0;"[""hiç""]";"[""fil""]";[];"[""unut""]";[];"[""negation_flip""]";['negation_flip'];True;False;False;False;negation only;negation_flip
1561;keşke ölmeseydi jack en sonunda onu hatırlayınca çok üzülüyorum ve kendimi geminin içinde hissediyorum;neutral;negative;0.0;0.25;False;0.7857142857142857;0.0714285714285714;neutral;0.0;0.0;True;True;True;False;False;False;False;False;False;0;0;0;[];[];[];[];[];[];[];False;False;False;False;no score-changing operation;none
1606;bir film bu kadar güzel olamaz yaa.;positive;positive;0.4545454545454545;0.0;True;0.8571428571428571;0.1428571428571428;negative;0.0;0.4545454545454545;False;True;False;True;False;True;False;False;False;1;1;0;"[""güzel""]";"[""film""]";[];"[""ol""]";[];"[""negation_flip""]";['negation_flip'];True;False;False;False;negation only;negation_flip
1616;izle izle insan hiç sıklımıyor ne diyebirimki gerçekten hLL olsun;positive;negative;0.0;0.5;False;0.7;0.1;positive;0.5;0.0;True;True;True;False;False;True;False;False;False;1;1;0;"[""hiç""]";"[""insan""]";[];"[""sıkla""]";[];"[""negation_flip""]";['negation_flip'];True;False;False;False;negation only;negation_flip
1617;gözyaşlarıma hakim olmadıım nadir fılmlerden bi tanesi.;positive;positive;0.09375;0.0;True;0.4285714285714285;0.1428571428571428;negative;0.0;0.09375;False;True;False;True;False;True;False;False;False;1;1;0;"[""hakim""]";[];[];"[""ol""]";[];"[""negation_flip""]";['negation_flip'];True;False;False;False;negation only;negation_flip
1624;sakın kaçırmayın.;positive;negative;0.0;0.5;False;0.5;0.5;positive;0.5;0.0;True;True;True;False;False;True;False;False;False;1;1;0;"[""sakın""]";[];[];"[""kaçır""]";[];"[""negation_flip""]";['negation_flip'];True;False;False;False;negation only;negation_flip
1626;bu film kadar güzel bir aşk romantik film yapılmadı.;positive;positive;1.4545454545454546;0.0;True;0.8888888888888888;0.2222222222222222;negative;0.4545454545454545;1.0;False;True;False;True;False;True;False;False;False;2;2;0;"[""güzel"", ""aşk""]";"[""aşk"", ""film""]";[];"[""yap""]";[];"[""negation_flip""]";['negation_flip'];True;False;False;False;negation only;negation_flip
1631;arkadaşlar bence bu film 10 değil 110 u hakettmiyormu bi daha böyle film gelmez;positive;positive;0.5;0.0;True;0.7857142857142857;0.0714285714285714;negative;0.0;0.5;False;True;False;True;False;True;False;False;False;1;1;0;"[""arkadaş""]";[];[];"[""haket""]";[];"[""negation_flip""]";['negation_flip'];True;False;False;False;negation only;negation_flip
1642;Böylesini daha önce görmedim.;positive;negative;0.0;1.0;False;1.0;0.25;positive;1.0;0.0;True;True;True;False;False;True;True;False;False;1;1;0;"[""gör""]";"[""böylesi""]";"[""önce""]";"[""gör""]";[];"[""negation_flip"", ""modifier_detected""]";['negation_flip', 'modifier_detected'];True;False;True;False;negation only;modifier_detected + negation_flip
1644;Çoğu aşığın yapamayacağı kadar fedakarlık dolu bir film.;positive;positive;1.0;0.0;True;0.875;0.125;negative;0.0;1.0;False;True;False;True;False;True;False;False;False;1;1;0;"[""fedakarlık""]";[];[];"[""yap""]";[];"[""negation_flip""]";['negation_flip'];True;False;False;False;negation only;negation_flip
1646;Öldüresiye bir güce sahip bir aşk ancak bu kadar güzel anlatılabilirdi.;positive;positive;1.4545454545454546;1.1041666666666667;True;0.9090909090909092;0.4545454545454545;negative;0.0625;1.496212121212121;False;True;False;True;False;True;False;True;True;5;4;1;"[""öldüresiye"", ""güç"", ""aşk"", ""ancak"", ""güzel""]";"[""sahip"", ""aşk"", ""aşk""]";[];"[""anlat"", ""anlat"", ""anlat""]";"[""ancak"", ""ancak"", ""ancak""]";"[""suppressed_as_target"", ""negation_flip"", ""contrast_detected"", ""negation_flip"", ""contrast_detected""]";['suppressed_as_target', 'negation_flip', 'contrast_detected', 'negation_flip', 'contrast_detected'];True;True;False;True;negation + suppression;contrast_detected + negation_flip + suppressed_as_target
1650;Aşk hayal fedakarlık hayatın içiinde ölüm hüznün içindeki gizli mutluluk karanlığın içindeki ışık TİTANİC.;neutral;positive;3.142857142857143;2.4166666666666665;False;0.8571428571428571;0.5;negative;2.142857142857143;2.4166666666666665;False;True;False;False;True;False;False;False;True;7;6;1;"[""aşk"", ""fedakarlık"", ""ölüm"", ""hüzün"", ""mutluluk"", ""karanlık"", ""ışık""]";"[""mutluluk""]";[];[];[];"[""suppressed_as_target""]";['suppressed_as_target'];False;True;False;False;suppression only;suppressed_as_target
1658;duygusu olan bir insanın gözleri dolması yada ağlamaması imkansız.;neutral;negative;0.0;0.5833333333333333;False;0.8888888888888888;0.2222222222222222;positive;0.3333333333333333;0.25;False;True;False;False;True;True;False;False;False;2;2;0;"[""dolma"", ""imkansız""]";"[""göz""]";[];"[""ağla""]";[];"[""negation_flip""]";['negation_flip'];True;False;False;False;negation only;negation_flip
1661;Birdaha bu olayla ilgili kimse film çekemez.;neutral;negative;0.0;1.0;False;0.8571428571428571;0.1428571428571428;positive;1.0;0.0;False;True;False;False;True;True;True;False;False;1;1;0;"[""çekemez""]";"[""kimse""]";"[""birdaha""]";"[""çek""]";[];"[""negation_flip"", ""modifier_detected""]";['negation_flip', 'modifier_detected'];True;False;True;False;negation only;modifier_detected + negation_flip
1669;Bu film izlemeyen yoktur ama izlemeyen mutlaka izlemeli.;positive;negative;0.0;0.2142857142857142;False;0.75;0.125;positive;0.2142857142857142;0.0;True;True;True;False;False;True;False;False;False;1;1;0;"[""yok""]";[];[];"[""izle""]";[];"[""negation_flip""]";['negation_flip'];True;False;False;False;negation only;negation_flip
1674;şimdiye kadar kim bilir kaç kere izlemişimdir ama yine de görünce dayanamaz izlerim.;positive;negative;0.0;1.0208333333333333;False;0.6923076923076923;0.1538461538461538;positive;1.0;0.0208333333333333;True;True;True;False;False;True;True;False;False;2;2;0;"[""de"", ""gör""]";[];"[""yine""]";"[""dayan""]";[];"[""negation_flip"", ""modifier_detected""]";['negation_flip', 'modifier_detected'];True;False;True;False;negation only;modifier_detected + negation_flip
1676;hiç eskimeyen bi klasik bence;positive;negative;0.0;0.6666666666666666;False;0.8;0.4;positive;0.6666666666666666;0.0;True;True;True;False;False;True;True;False;False;2;2;0;"[""hiç"", ""eski""]";[];"[""hiç""]";"[""eskir"", ""eskir""]";[];"[""negation_flip"", ""negation_flip"", ""modifier_detected""]";['negation_flip', 'negation_flip', 'modifier_detected'];True;False;True;False;negation only;modifier_detected + negation_flip
1686;..gerçektende bir başyapıt önüne geçen bir film olur mu onu bilemem ama benim düşüncem olmayacağı yönünde hani olursa da fena olmaz ama:);positive;negative;0.0;0.731060606060606;False;0.9090909090909092;0.1363636363636363;positive;0.7083333333333333;0.0227272727272727;True;True;True;False;False;True;False;True;False;3;3;0;"[""düşünce"", ""da"", ""fena""]";"[""ben""]";[];"[""ol"", ""ol""]";"[""ama""]";"[""negation_flip"", ""negation_flip"", ""contrast_detected""]";['negation_flip', 'negation_flip', 'contrast_detected'];True;False;False;True;negation only;contrast_detected + negation_flip
1692;yok böyle aşklar ya kalmamış artık;neutral;positive;1.0;0.2142857142857142;False;1.0;0.3333333333333333;negative;0.0;1.2142857142857142;False;True;False;False;True;True;True;False;False;2;2;0;"[""yok"", ""aşk""]";[];"[""yok""]";"[""kal""]";[];"[""negation_flip"", ""modifier_detected""]";['negation_flip', 'modifier_detected'];True;False;True;False;negation only;modifier_detected + negation_flip
1702;abartmayın lütfen caprio var diye!;negative;negative;0.0;0.125;True;0.6;0.2;positive;0.125;0.0;False;True;False;True;False;True;False;False;False;1;1;0;"[""lütfen""]";[];[];"[""abar""]";[];"[""negation_flip""]";['negation_flip'];True;False;False;False;negation only;negation_flip
1707;tüm zamanların en iyi degil ama en popüler filmi desek yalan olmaz bazı saçma yönleri var ama bu çok güzel bir film oldugunu degiştirmez tv verilsin yine izlerim bu filmi;positive;negative;1.3156565656565655;1.3208333333333333;False;0.8333333333333334;0.2;positive;2.3156565656565657;0.3208333333333333;True;True;True;False;False;True;True;True;False;6;6;0;"[""tüm"", ""iyi"", ""de"", ""yalan"", ""saçma"", ""güzel""]";"[""film"", ""film"", ""yön"", ""yön"", ""film""]";"[""en"", ""çok""]";"[""ol""]";"[""ama"", ""ama"", ""ama""]";"[""modifier_detected"", ""contrast_detected"", ""contrast_detected"", ""negation_flip"", ""contrast_detected"", ""modifier_detected""]";['modifier_detected', 'contrast_detected', 'contrast_detected', 'negation_flip', 'contrast_detected', 'modifier_detected'];True;False;True;True;negation only;contrast_detected + modifier_detected + negation_flip
1710;süpppeerrrrr bii filmmdi benceeeeee çok beğenerek ve bi saniye bile gözümü ayırmadan izledim herkese tavsiye ederim bu o kdr gsl bi film ki yapıldığı 10 sene olmasına rağmen hala dillerden düşşmüyorr;positive;positive;0.875;0.5;True;0.5806451612903226;0.0967741935483871;negative;0.125;1.25;False;True;False;True;False;True;False;False;False;3;3;0;"[""gözüm"", ""tavsiye"", ""rağmen""]";"[""film""]";[];"[""ayır""]";[];"[""negation_flip""]";['negation_flip'];True;False;False;False;negation only;negation_flip
1715;işte gerçek aşk flimi yorum yazmaya gerek bile yok ama.;positive;positive;1.0833333333333333;0.3642857142857142;True;0.9;0.4;negative;0.0833333333333333;0.3642857142857142;False;True;False;True;False;False;False;False;True;4;3;1;"[""gerçek"", ""aşk"", ""yazma"", ""yok""]";"[""aşk"", ""yorum""]";[];[];[];"[""suppressed_as_target""]";['suppressed_as_target'];False;True;False;False;suppression only;suppressed_as_target
1751;inanılmaz derecede güzel bir film;positive;positive;1.4545454545454546;0.0;True;1.0;0.4;negative;0.4545454545454545;1.0;False;True;False;True;False;True;False;False;False;2;2;0;"[""inanılmaz"", ""güzel""]";"[""film""]";[];"[""inan""]";[];"[""negation_flip""]";['negation_flip'];True;False;False;False;negation only;negation_flip
1752;bu filmi 4 yaşımdan beri izliyorum o zamanlar ne olduğunu anlamayrak bakıyodum ama şimdi hayranlıkla izliyorum ve hiç bıkmıyorum haftada iki kez izliyorum en az oda artık ezberledim en sevdiğim film.;positive;negative;0.0;0.875;False;0.7419354838709677;0.0967741935483871;positive;0.5;0.375;True;True;True;False;False;True;True;False;False;3;3;0;"[""yaş"", ""hiç"", ""az""]";"[""film""]";"[""en""]";"[""bık""]";[];"[""negation_flip"", ""modifier_detected""]";['negation_flip', 'modifier_detected'];True;False;True;False;negation only;modifier_detected + negation_flip
1768;Muhtesem bir film söyleyecek baska söz bulamiyorum;positive;negative;0.0;0.05;False;0.4285714285714285;0.1428571428571428;positive;0.05;0.0;True;True;True;False;False;True;False;False;False;1;1;0;"[""söz""]";[];[];"[""bul""]";[];"[""negation_flip""]";['negation_flip'];True;False;False;False;negation only;negation_flip
1771;böyle bi film kolay kolay gelmez bu ne kadar gerçekcilik 1997 yılının en iyi filmi tebrikler teşekkürler :);positive;positive;2.6527777777777777;0.0;True;0.7647058823529411;0.2941176470588235;negative;1.3194444444444444;1.3333333333333333;False;True;False;True;False;True;True;False;False;5;5;0;"[""kolay"", ""kolay"", ""iyi"", ""tebrik"", ""teşekkür""]";"[""film"", ""film"", ""film"", ""tebrik""]";"[""en""]";"[""gel"", ""gel""]";[];"[""negation_flip"", ""modifier_detected"", ""negation_flip""]";['negation_flip', 'modifier_detected', 'negation_flip'];True;False;True;False;negation only;modifier_detected + negation_flip
1785;bole bir basyapıt nasıl 8.9 puan alır anlamıyorum.;positive;negative;0.0;0.1666666666666666;False;0.7777777777777778;0.1111111111111111;positive;0.1666666666666666;0.0;True;True;True;False;False;True;True;False;False;1;1;0;"[""al""]";"[""puan""]";"[""nasıl""]";"[""anla""]";[];"[""negation_flip"", ""modifier_detected""]";['negation_flip', 'modifier_detected'];True;False;True;False;negation only;modifier_detected + negation_flip
1812;valla bende anlamadım filmi daha hiç seyretmedim ama bu kadar puan alması şaşırtıcı araştırıcam;negative;negative;0.25;0.6666666666666666;True;0.7142857142857143;0.2142857142857142;positive;0.75;0.1666666666666666;False;True;False;True;False;True;True;True;False;3;3;0;"[""hiç"", ""al"", ""şaşırtıcı""]";"[""film"", ""puan""]";"[""daha""]";"[""seyret""]";"[""ama"", ""ama""]";"[""negation_flip"", ""modifier_detected"", ""contrast_detected"", ""contrast_detected""]";['negation_flip', 'modifier_detected', 'contrast_detected', 'contrast_detected'];True;False;True;True;negation only;contrast_detected + modifier_detected + negation_flip
1813;Bu filmi izlemeden bir de ımdb den baktım 1237 oydan 7.0 puan almış;neutral;negative;0.0;0.4583333333333333;False;0.7857142857142857;0.2857142857142857;positive;0.25;0.0416666666666666;False;True;False;False;True;True;True;False;False;3;3;0;"[""de"", ""de"", ""bak""]";[];"[""bir""]";"[""izle""]";[];"[""negation_flip"", ""modifier_detected""]";['negation_flip', 'modifier_detected'];True;False;True;False;negation only;modifier_detected + negation_flip
1822;İzleyin beğendiniz mi rahatsız mı oldunuz anlamayacaksınız.;neutral;negative;0.0;0.6666666666666666;False;0.5714285714285714;0.1428571428571428;positive;0.6666666666666666;0.0;False;True;False;False;True;True;False;False;False;1;1;0;"[""rahatsız""]";[];[];"[""anla""]";[];"[""negation_flip""]";['negation_flip'];True;False;False;False;negation only;negation_flip
1877;Yine de izlenmeli diyorum ama yazarına ve yıldız oyuncularına kanıp fazla bir şey beklemeden.;positive;negative;0.0;0.0416666666666666;False;0.8571428571428571;0.1428571428571428;neutral;0.0208333333333333;0.0208333333333333;False;True;False;False;True;True;True;False;False;2;2;0;"[""de"", ""de""]";[];"[""yine""]";"[""bekle""]";[];"[""negation_flip"", ""modifier_detected""]";['negation_flip', 'modifier_detected'];True;False;True;False;negation only;modifier_detected + negation_flip
1883;bilim kurgu filmlerini izlerken sıkılmama rağmen hiç sıkılmadım film boyunca.;positive;negative;0.0;1.0;False;0.7;0.2;neutral;0.5;0.5;False;True;False;False;True;True;False;False;False;2;2;0;"[""rağmen"", ""hiç""]";[];[];"[""sıkıl""]";[];"[""negation_flip""]";['negation_flip'];True;False;False;False;negation only;negation_flip
1901;"""bu yüzden tatmin olamadim""""""";negative;positive;0.1666666666666666;0.0;False;0.75;0.25;negative;0.0;0.1666666666666666;True;True;True;False;False;True;False;False;False;1;1;0;"[""tatmin""]";[];[];"[""ol""]";[];"[""negation_flip""]";['negation_flip'];True;False;False;False;negation only;negation_flip
1903;çok harika olabilirmiş ama maalesef olmamış .;negative;positive;1.0;0.75;False;1.0;0.3333333333333333;negative;0.75;1.0;True;True;True;False;False;True;True;True;False;2;2;0;"[""harika"", ""maalesef""]";[];"[""çok""]";"[""ol"", ""ol""]";"[""ama""]";"[""negation_flip"", ""modifier_detected"", ""negation_flip"", ""contrast_detected""]";['negation_flip', 'modifier_detected', 'negation_flip', 'contrast_detected'];True;False;True;True;negation only;contrast_detected + modifier_detected + negation_flip
1909;Konusu güzel ama çok da başarılı değil.;neutral;positive;1.4545454545454546;0.0227272727272727;False;1.0;0.4285714285714285;negative;0.4545454545454545;1.0227272727272727;False;True;False;False;True;True;True;True;False;3;3;0;"[""güzel"", ""da"", ""başarılı""]";"[""konu"", ""konu""]";"[""çok""]";"[""değil""]";"[""ama""]";"[""negation_flip"", ""modifier_detected"", ""contrast_detected""]";['negation_flip', 'modifier_detected', 'contrast_detected'];True;False;True;True;negation only;contrast_detected + modifier_detected + negation_flip
1911;Walla film için ne demeliyim bilmiyorum!;neutral;negative;0.0;0.0208333333333333;False;0.6666666666666666;0.1666666666666666;positive;0.0208333333333333;0.0;False;True;False;False;True;True;False;False;False;1;1;0;"[""de""]";"[""walla""]";[];"[""bil""]";[];"[""negation_flip""]";['negation_flip'];True;False;False;False;negation only;negation_flip
1915;kitaptaki ortamı yansıtamamışlar.;negative;negative;0.0;0.0833333333333333;True;0.6666666666666666;0.3333333333333333;positive;0.0833333333333333;0.0;False;True;False;True;False;True;False;False;False;1;1;0;"[""ortam""]";[];[];"[""yansı""]";[];"[""negation_flip""]";['negation_flip'];True;False;False;False;negation only;negation_flip
1920;.oyuncular çok iyi ama bu filmde performansının tamamının sergileyememiş.;positive;positive;0.7777777777777778;0.0;True;0.8888888888888888;0.2222222222222222;negative;0.0;0.7777777777777778;False;True;False;True;False;True;True;True;False;2;2;0;"[""iyi"", ""tamam""]";"["".oyuncu""]";"[""çok""]";"[""sergile"", ""sergile""]";"[""ama""]";"[""negation_flip"", ""modifier_detected"", ""negation_flip"", ""contrast_detected""]";['negation_flip', 'modifier_detected', 'negation_flip', 'contrast_detected'];True;False;True;True;negation only;contrast_detected + modifier_detected + negation_flip
1942;ama niyeyse val kilmer suanda hakettiği yerde değil maalesef.;negative;negative;0.015625;0.75;True;0.4444444444444444;0.2222222222222222;positive;0.765625;0.0;False;True;False;True;False;True;True;False;False;2;2;0;"[""yer"", ""maalesef""]";[];"[""niye""]";"[""haket"", ""değil"", ""değil""]";[];"[""modifier_detected"", ""negation_flip""]";['modifier_detected', 'negation_flip'];True;False;True;False;negation only;modifier_detected + negation_flip
1960;inanılmaz keyif aldığım bir filmdi.;positive;positive;1.1785714285714286;0.1666666666666666;True;1.0;0.6;negative;0.0;1.1666666666666667;False;True;False;True;False;True;False;False;True;3;2;1;"[""inanılmaz"", ""keyif"", ""al""]";"[""keyif""]";[];"[""inan"", ""inan""]";[];"[""negation_flip"", ""suppressed_as_target""]";['negation_flip', 'suppressed_as_target'];True;True;False;False;negation + suppression;negation_flip + suppressed_as_target
1976;Ama filmde Val Kilmer yerine başka biri oynasaydı bu film bu kadar izlenirmiydi.;neutral;negative;0.015625;0.0833333333333333;False;0.6923076923076923;0.1538461538461538;positive;0.015625;0.0;False;True;False;False;True;False;False;True;True;2;1;1;"[""yer"", ""biri""]";"[""biri""]";[];[];"[""ama"", ""ama""]";"[""contrast_detected"", ""suppressed_as_target""]";['contrast_detected', 'suppressed_as_target'];False;True;False;True;suppression only;contrast_detected + suppressed_as_target
1996;Filmin başından sonuna kadar heyecan hiç eksik olmuyor çok hareketli bir film .;positive;negative;0.5;0.75;False;1.0;0.3333333333333333;neutral;0.625;0.625;False;True;False;False;True;True;True;False;False;4;4;0;"[""son"", ""hiç"", ""eksik"", ""hareketli""]";"[""heyecan"", ""heyecan"", ""heyecan""]";"[""hiç""]";"[""ol""]";[];"[""negation_flip"", ""modifier_detected""]";['negation_flip', 'modifier_detected'];True;False;True;False;negation only;modifier_detected + negation_flip
2016;Pek sanmıyorum.;negative;positive;0.125;0.0;False;1.0;0.5;negative;0.0;0.125;True;True;True;False;False;True;False;False;False;1;1;0;"[""pek""]";[];[];"[""san""]";[];"[""negation_flip""]";['negation_flip'];True;False;False;False;negation only;negation_flip
2057;.O kadar da kötü değil aslında orta düzey bi yapımm;neutral;negative;0.0;0.9227272727272728;False;0.8;0.2;positive;0.9;0.0227272727272727;False;True;False;False;True;True;False;False;False;2;2;0;"[""da"", ""kötü""]";[];[];"[""değil""]";[];"[""negation_flip""]";['negation_flip'];True;False;False;False;negation only;negation_flip
2070;Ben bu filmi 3 yıl kadar önce gece saat 2-3 gibi izlemiştim ve hiç sıkılmamıştım.;neutral;negative;0.0;0.5;False;0.875;0.0625;positive;0.5;0.0;False;True;False;False;True;True;False;False;False;1;1;0;"[""hiç""]";[];[];"[""sıkıl""]";[];"[""negation_flip""]";['negation_flip'];True;False;False;False;negation only;negation_flip
2082;""". izlerken hiç sıkılmadım""""""";positive;negative;0.0;0.5;False;0.3333333333333333;0.3333333333333333;positive;0.5;0.0;True;True;True;False;False;True;False;False;False;1;1;0;"[""hiç""]";[];[];"[""sıkıl""]";[];"[""negation_flip""]";['negation_flip'];True;False;False;False;negation only;negation_flip
2086;duygusal reaksiyonların ve heyacanın hiç azalmadıgı eşsiz bir film.;positive;negative;0.0;0.5;False;0.7777777777777778;0.1111111111111111;positive;0.5;0.0;True;True;True;False;False;True;False;False;False;1;1;0;"[""hiç""]";"[""reaksiyon""]";[];"[""azal""]";[];"[""negation_flip""]";['negation_flip'];True;False;False;False;negation only;negation_flip
2089;Yerimden hiç kalkmadan soluksuz izledim.;neutral;negative;0.015625;0.5;False;0.6;0.4;positive;0.5;0.015625;False;True;False;False;True;True;False;False;False;2;2;0;"[""yer"", ""hiç""]";[];[];"[""kalk"", ""kalk""]";[];"[""negation_flip"", ""negation_flip""]";['negation_flip', 'negation_flip'];True;False;False;False;negation only;negation_flip
2096;.. hiç bir şeyin tükenmedigini bu filmde anlayabilriz;neutral;negative;0.0;0.5;False;0.7142857142857143;0.1428571428571428;positive;0.5;0.0;False;True;False;False;True;True;False;False;False;1;1;0;"[""hiç""]";"[""şey""]";[];"[""tüken""]";[];"[""negation_flip""]";['negation_flip'];True;False;False;False;negation only;negation_flip
2101;daha iyi olabilirmiş.;neutral;positive;0.6111111111111112;0.0;False;1.0;0.3333333333333333;negative;0.0;0.6111111111111112;False;True;False;False;True;True;True;False;False;1;1;0;"[""iyi""]";[];"[""daha""]";"[""ol""]";[];"[""negation_flip"", ""modifier_detected""]";['negation_flip', 'modifier_detected'];True;False;True;False;negation only;modifier_detected + negation_flip
2106;İzkeyenin beğenmemesi çok zor.;positive;negative;0.25;0.5833333333333334;False;0.75;0.5;positive;0.5833333333333334;0.25;True;True;True;False;False;True;True;False;False;2;2;0;"[""beğenme"", ""zor""]";"[""izkeyeni""]";"[""çok""]";"[""beğen"", ""beğen""]";[];"[""negation_flip"", ""negation_flip"", ""modifier_detected""]";['negation_flip', 'negation_flip', 'modifier_detected'];True;False;True;False;negation only;modifier_detected + negation_flip
2125;Ne oyuncular ne senaryo ne de yönetim iyi değil.;negative;positive;0.6111111111111112;0.0208333333333333;False;1.0;0.2222222222222222;negative;0.0;0.6319444444444445;True;True;True;False;False;True;False;False;False;2;2;0;"[""de"", ""iyi""]";"[""yönetim""]";[];"[""değil""]";[];"[""negation_flip""]";['negation_flip'];True;False;False;False;negation only;negation_flip
2129;.. Birde herksein aniden evet evet barış istiyoruz demesi çok kömikti yani o geçiş anı hiç olmamıştı.;neutral;negative;0.5;0.5208333333333334;False;0.8125;0.1875;positive;1.0;0.0208333333333333;False;True;False;False;True;True;False;False;False;3;3;0;"[""barış"", ""de"", ""hiç""]";"[""anı""]";[];"[""ol""]";[];"[""negation_flip""]";['negation_flip'];True;False;False;False;negation only;negation_flip
2151;önyargılarına tapmayan bir seyirci bu filmde çok ilginç ayrıntıları farkedebilir.;neutral;negative;0.0;0.75;False;0.8;0.1;positive;0.75;0.0;False;True;False;False;True;True;False;False;False;1;1;0;"[""önyargı""]";[];[];"[""tap""]";[];"[""negation_flip""]";['negation_flip'];True;False;False;False;negation only;negation_flip
2154;Hikayenin de akıcılığı göz önüne alarak ben bu yapıma 10 puan üzerinden 8 puan veriyorum.;positive;positive;0.25;0.1875;True;0.9333333333333332;0.2;negative;0.0;0.1875;False;True;False;True;False;False;False;False;True;3;2;1;"[""de"", ""akıcılık"", ""al""]";"[""akıcılık""]";[];[];[];"[""suppressed_as_target""]";['suppressed_as_target'];False;True;False;False;suppression only;suppressed_as_target
2233;Uzun ama pek sıkılmıyorsunuz.;neutral;positive;0.125;0.0;False;0.75;0.25;negative;0.0;0.125;False;True;False;False;True;True;False;True;False;1;1;0;"[""pek""]";[];[];"[""sıkıl""]";"[""ama""]";"[""negation_flip"", ""contrast_detected""]";['negation_flip', 'contrast_detected'];True;False;False;True;negation only;contrast_detected + negation_flip
2248;gerard d. en iyi performanslarından biri bu filmde hani derler ya o rolü ondan iyisi yapamazdı die.;positive;positive;1.2222222222222223;0.0833333333333333;True;0.7647058823529411;0.1764705882352941;negative;0.6111111111111112;0.6944444444444445;False;True;False;True;False;True;True;False;False;3;3;0;"[""iyi"", ""biri"", ""iyi""]";"[""performans"", ""rol""]";"[""en""]";"[""yap""]";[];"[""modifier_detected"", ""negation_flip""]";['modifier_detected', 'negation_flip'];True;False;True;False;negation only;modifier_detected + negation_flip
2288;İspanyanın katılması da gereksizdi.;neutral;negative;0.0;0.2727272727272727;False;0.75;0.5;positive;0.25;0.0227272727272727;False;True;False;False;True;True;False;False;False;2;2;0;"[""da"", ""gereksiz""]";[];[];"[""gereksiz""]";[];"[""negation_flip""]";['negation_flip'];True;False;False;False;negation only;negation_flip
2297;bimiyorum çok iyi de değil kötü de değil 10/7 lik bence;neutral;negative;0.6111111111111112;0.9416666666666668;False;0.8333333333333334;0.3333333333333333;positive;0.9;0.6527777777777779;False;True;False;False;True;True;True;False;False;4;4;0;"[""iyi"", ""de"", ""kötü"", ""de""]";[];"[""çok""]";"[""değil"", ""değil""]";[];"[""negation_flip"", ""modifier_detected"", ""negation_flip""]";['negation_flip', 'modifier_detected', 'negation_flip'];True;False;True;False;negation only;modifier_detected + negation_flip
2298;kusura bakılmasın ama ben filmin sonunu hiç mi hiç beğenmedim.;negative;negative;0.0;1.75;True;0.8;0.4;positive;1.75;0.0;False;True;False;True;False;True;False;True;False;4;4;0;"[""kusur"", ""son"", ""hiç"", ""hiç""]";"[""ben"", ""ben"", ""ben""]";[];"[""bak"", ""beğen"", ""beğen"", ""beğen""]";"[""ama"", ""ama"", ""ama""]";"[""negation_flip"", ""negation_flip"", ""contrast_detected"", ""negation_flip"", ""contrast_detected"", ""negation_flip"", ""contrast_detected""]";['negation_flip', 'negation_flip', 'contrast_detected', 'negation_flip', 'contrast_detected', 'negation_flip', 'contrast_detected'];True;False;False;True;negation only;contrast_detected + negation_flip
2299;bu kadar müthiş giden bir filme nasıl böyle son koymuşlar hiç anlamadım.;neutral;negative;0.0;1.0;False;0.8333333333333334;0.25;neutral;0.5;0.5;True;True;True;False;False;True;True;False;False;3;3;0;"[""müthiş"", ""son"", ""hiç""]";[];"[""nasıl"", ""böyle""]";"[""anla""]";[];"[""modifier_detected"", ""negation_flip""]";['modifier_detected', 'negation_flip'];True;False;True;False;negation only;modifier_detected + negation_flip
2301;finalini göz ardı eddersek güzel bir film ama yüzüm maalesef gülmüyor.;neutral;negative;0.4545454545454545;0.75;False;0.9090909090909092;0.1818181818181818;positive;1.2045454545454546;0.0;False;True;False;False;True;True;False;True;False;2;2;0;"[""güzel"", ""maalesef""]";"[""film"", ""yüz""]";[];"[""gül""]";"[""ama""]";"[""negation_flip"", ""contrast_detected""]";['negation_flip', 'contrast_detected'];True;False;False;True;negation only;contrast_detected + negation_flip
2302;filmin sonuna kadar hee şimdi anladım diyorum bakıyorum anlamamışım sonra tamam şimdi anladım diyorum yine anlamamışım film manyak etti beni izlerken ama muhteşem bir sonla filmi gerçekten anladım =);neutral;negative;0.6666666666666666;1.125;False;0.75;0.2857142857142857;positive;1.1041666666666667;0.5625;False;True;False;False;True;True;False;False;True;8;7;1;"[""son"", ""de"", ""bak"", ""tamam"", ""de"", ""manyak"", ""muhteşem"", ""son""]";"[""film"", ""son""]";[];"[""anla"", ""anla"", ""anla"", ""anla"", ""anla""]";[];"[""negation_flip"", ""negation_flip"", ""negation_flip"", ""suppressed_as_target""]";['negation_flip', 'negation_flip', 'negation_flip', 'suppressed_as_target'];True;True;False;False;negation + suppression;negation_flip + suppressed_as_target
2306;Neyi kimle oynadığınızı bilmeden süresini ve sınırlarını anlayamadan ve en önemlisi ne zaman biteceğini tahmin edemeden sürüp giden bir oyun bu.;neutral;negative;0.0;0.1;False;0.7142857142857143;0.0476190476190476;positive;0.1;0.0;False;True;False;False;True;True;False;False;False;1;1;0;"[""oyun""]";"[""bu""]";[];"[""anla""]";[];"[""negation_flip""]";['negation_flip'];True;False;False;False;negation only;negation_flip
2325;kimse ben olsam ordan kendimi aşağıya atmazdım demiyordu;neutral;negative;0.0;0.0833333333333333;False;0.875;0.25;positive;0.0625;0.0208333333333333;False;True;False;False;True;True;False;False;False;2;2;0;"[""aşağı"", ""de""]";"[""kendi"", ""kimse""]";[];"[""at"", ""de"", ""at""]";[];"[""negation_flip""]";['negation_flip'];True;False;False;False;negation only;negation_flip
2334;bu kadar APTALCA bir bilimkurgu izlememiştim.;negative;negative;0.0;0.375;True;0.8333333333333334;0.1666666666666666;positive;0.375;0.0;False;True;False;True;False;True;False;False;False;1;1;0;"[""aptalca""]";"[""bilimkurgu""]";[];"[""izle""]";[];"[""negation_flip""]";['negation_flip'];True;False;False;False;negation only;negation_flip
2377;Romantik komedinin en vasat örneklerinden biri;neutral;positive;0.2083333333333333;0.2083333333333333;False;1.0;0.5;negative;0.0;0.125;False;True;False;False;True;False;True;False;True;2;1;1;"[""vasat"", ""örnek""]";"[""örnek""]";"[""en""]";[];[];"[""modifier_detected"", ""suppressed_as_target""]";['modifier_detected', 'suppressed_as_target'];False;True;True;False;suppression only;modifier_detected + suppressed_as_target
2399;pek birşey yok tavsiye edemeyeceğim izlemesenizde olur yani.;negative;positive;0.25;0.2142857142857142;False;0.875;0.375;negative;0.125;0.3392857142857143;True;True;True;False;False;True;True;False;False;3;3;0;"[""pek"", ""yok"", ""tavsiye""]";"[""birşey""]";"[""yok""]";"[""et""]";[];"[""negation_flip"", ""modifier_detected""]";['negation_flip', 'modifier_detected'];True;False;True;False;negation only;modifier_detected + negation_flip
2401;Ben filmi izlemedim izliicemide pek sanmıyorum bu arada filmin imdb notu 1.8;neutral;positive;0.125;0.0;False;0.7692307692307693;0.0769230769230769;negative;0.0;0.125;False;True;False;False;True;True;False;False;False;1;1;0;"[""pek""]";"[""not""]";[];"[""san""]";[];"[""negation_flip""]";['negation_flip'];True;False;False;False;negation only;negation_flip
2407;Aslında o konu (çocuk olayı yani) nerelere getirilebilir neler anlatılabilirdi ama yok olmamış.;negative;negative;0.0;0.25;True;0.7692307692307693;0.1538461538461538;positive;0.2142857142857142;0.0357142857142857;False;True;False;True;False;True;False;True;False;2;2;0;"[""çocuk"", ""yok""]";[];[];"[""ol""]";"[""ama""]";"[""negation_flip"", ""contrast_detected""]";['negation_flip', 'contrast_detected'];True;False;False;True;negation only;contrast_detected + negation_flip
2411;sadece kenneth branagh için izlenebilir o adamdaki karizma gerçekten çoook az kişide var ve bence madeleine stowe ili sıkı bi elektrikleri olmuş :);neutral;positive;0.4166666666666666;0.3143939393939394;False;0.6818181818181818;0.2272727272727272;negative;0.0;0.3143939393939394;False;True;False;False;True;False;True;False;True;5;3;2;"[""adam"", ""karizma"", ""az"", ""sıkı"", ""elektrik""]";"[""karizma"", ""kişi"", ""elektrik""]";"[""çok""]";[];[];"[""suppressed_as_target"", ""modifier_detected"", ""suppressed_as_target""]";['suppressed_as_target', 'modifier_detected', 'suppressed_as_target'];False;True;True;False;suppression only;modifier_detected + suppressed_as_target
2413;Sıradanlıktan kurtulamayan bir dram.;negative;negative;0.0;0.1875;True;0.5;0.25;positive;0.1875;0.0;False;True;False;True;False;True;False;False;False;1;1;0;"[""dram""]";[];[];"[""kurtula""]";[];"[""negation_flip""]";['negation_flip'];True;False;False;False;negation only;negation_flip
2431;Birinci film gayet iyiydi ama bu olmamış.;negative;positive;0.6111111111111112;0.0;False;1.0;0.1428571428571428;negative;0.0;0.6111111111111112;True;True;True;False;False;True;True;False;False;1;1;0;"[""iyi""]";"[""film""]";"[""gayet""]";"[""ol""]";[];"[""negation_flip"", ""modifier_detected""]";['negation_flip', 'modifier_detected'];True;False;True;False;negation only;modifier_detected + negation_flip
2433;fena değildi belki ama ilk filmle kıyaslayınca berbat.;negative;negative;0.0;0.4583333333333333;True;0.875;0.125;positive;0.4583333333333333;0.0;False;True;False;True;False;True;True;False;False;1;1;0;"[""fena""]";[];"[""belki""]";"[""değil""]";[];"[""negation_flip"", ""modifier_detected""]";['negation_flip', 'modifier_detected'];True;False;True;False;negation only;modifier_detected + negation_flip
2436;İlkinin yanın dahi yaklaşamayan gördüğüm en kötü devam filmlerinden biri.;negative;negative;0.0;1.9833333333333327;True;0.9;0.3;positive;1.0;0.9833333333333334;False;True;False;True;False;True;True;False;False;3;3;0;"[""gör"", ""kötü"", ""biri""]";"[""devam""]";"[""en""]";"[""yaklaş""]";[];"[""negation_flip"", ""modifier_detected""]";['negation_flip', 'modifier_detected'];True;False;True;False;negation only;modifier_detected + negation_flip
2460;ben ikisinin ortası diyorum;neutral;negative;0.0;0.0208333333333333;False;1.0;0.25;neutral;0.0;0.0;True;True;True;False;False;False;False;False;False;0;0;0;[];[];[];[];[];[];[];False;False;False;False;no score-changing operation;none
2466;pek onemsenmeyecek derecede bir romantik komedi.;negative;positive;0.125;0.0;False;0.8333333333333334;0.1666666666666666;negative;0.0;0.125;True;True;True;False;False;True;False;False;False;1;1;0;"[""pek""]";[];[];"[""onemse""]";[];"[""negation_flip""]";['negation_flip'];True;False;False;False;negation only;negation_flip
2489;eğer izleyipte beğenmezseniz kaptan duygu demişti dersiniz artık.;neutral;negative;0.0;0.0208333333333333;False;0.75;0.125;positive;0.0208333333333333;0.0;False;True;False;False;True;True;False;False;False;1;1;0;"[""de""]";"[""duygu""]";[];"[""beğen""]";[];"[""negation_flip""]";['negation_flip'];True;False;False;False;negation only;negation_flip
2490;bu kadar kötü olamaz.;negative;negative;0.0;0.9;True;1.0;0.25;positive;0.9;0.0;False;True;False;True;False;True;False;False;False;1;1;0;"[""kötü""]";"[""bu""]";[];"[""ol""]";[];"[""negation_flip""]";['negation_flip'];True;False;False;False;negation only;negation_flip
2500;lütfen cık aklımdan unutamıyorum seni çünkü cok kötü;negative;negative;0.0;1.025;True;0.75;0.25;positive;1.025;0.0;False;True;False;True;False;True;True;False;False;2;2;0;"[""lütfen"", ""kötü""]";"[""sen"", ""lütfen""]";"[""cok""]";"[""unut"", ""unut""]";[];"[""negation_flip"", ""negation_flip"", ""modifier_detected""]";['negation_flip', 'negation_flip', 'modifier_detected'];True;False;True;False;negation only;modifier_detected + negation_flip
2509;beş para etmez bir evrim teorisi filmi kesinlikle bilimsel bir yanı yok kimseye tavsiye etmiyorum.;negative;positive;0.2916666666666666;0.2142857142857142;False;1.0;0.2;negative;0.1666666666666666;0.3392857142857143;True;True;True;False;False;True;True;False;False;3;3;0;"[""evrim"", ""yok"", ""tavsiye""]";"[""film"", ""film""]";"[""kesinlik"", ""yok""]";"[""et""]";[];"[""modifier_detected"", ""negation_flip"", ""modifier_detected""]";['modifier_detected', 'negation_flip', 'modifier_detected'];True;False;True;False;negation only;modifier_detected + negation_flip
2514;rahatsız edici derece itici oynayan bir oyuncu kadrosu var filmin.;negative;negative;0.0;0.6666666666666666;True;0.9;0.1;positive;0.6666666666666666;0.0;False;True;False;True;False;True;False;False;False;1;1;0;"[""rahatsız""]";"[""derece""]";[];"[""et""]";[];"[""negation_flip""]";['negation_flip'];True;False;False;False;negation only;negation_flip
2516;Hele ki ilki sizin için çok özelse bunun yanına dahi yaklaşmayın.;negative;positive;0.1;0.0;False;0.9090909090909092;0.0909090909090909;negative;0.0;0.1;True;True;True;False;False;True;True;False;False;1;1;0;"[""özel""]";"[""ilk""]";"[""hele"", ""çok""]";"[""yaklaş""]";[];"[""negation_flip"", ""modifier_detected""]";['negation_flip', 'modifier_detected'];True;False;True;False;negation only;modifier_detected + negation_flip
2517;Filmi hiç beğenmedim :(;negative;negative;0.0;0.5;True;0.6666666666666666;0.3333333333333333;positive;0.5;0.0;False;True;False;True;False;True;False;False;False;1;1;0;"[""hiç""]";"[""film""]";[];"[""beğen""]";[];"[""negation_flip""]";['negation_flip'];True;False;False;False;negation only;negation_flip
2520;Parker normalde düşmanıyla savaşırken çenesi hiç durmazdı.;negative;negative;0.0;1.2583333333333333;True;0.8571428571428571;0.5714285714285714;positive;0.875;0.3333333333333333;False;True;False;True;False;True;True;False;True;4;3;1;"[""düşman"", ""savaş"", ""çene"", ""hiç""]";"[""parker"", ""parker"", ""çene""]";"[""normalde""]";"[""dur"", ""dur"", ""dur""]";[];"[""negation_flip"", ""modifier_detected"", ""suppressed_as_target"", ""negation_flip""]";['negation_flip', 'modifier_detected', 'suppressed_as_target', 'negation_flip'];True;True;True;False;negation + suppression;modifier_detected + negation_flip + suppressed_as_target
2545;Birinin her şeyi film yapamazsın demesi gerekiyor bu yönetmene.;neutral;negative;0.0;0.1041666666666666;False;0.8888888888888888;0.2222222222222222;positive;0.0208333333333333;0.0;False;True;False;False;True;True;False;False;True;2;1;1;"[""biri"", ""de""]";"[""biri""]";[];"[""yap""]";[];"[""suppressed_as_target"", ""negation_flip""]";['suppressed_as_target', 'negation_flip'];True;True;False;False;negation + suppression;negation_flip + suppressed_as_target
2556;Herhangi bir oyunculuk görünmüyor.;negative;negative;0.0;0.3333333333333333;True;0.75;0.25;positive;0.3333333333333333;0.0;False;True;False;True;False;True;False;False;False;1;1;0;"[""oyunculuk""]";[];[];"[""görün""]";[];"[""negation_flip""]";['negation_flip'];True;False;False;False;negation only;negation_flip
2588;Bu flime hiç bir zevki olmadığı için 1/10 veriyorum.;negative;neutral;0.5;0.5;False;0.8;0.2;negative;0.0;1.0;True;True;True;False;False;True;True;False;False;2;2;0;"[""hiç"", ""zevk""]";[];"[""hiç""]";"[""ol""]";[];"[""negation_flip"", ""modifier_detected""]";['negation_flip', 'modifier_detected'];True;False;True;False;negation only;modifier_detected + negation_flip
2605;Kesinlikle zaman kaybı ve asla izlemeyin.;negative;negative;0.0;0.25;True;0.8333333333333334;0.1666666666666666;positive;0.25;0.0;False;True;False;True;False;True;False;False;False;1;1;0;"[""kayıp""]";[];[];"[""izle""]";[];"[""negation_flip""]";['negation_flip'];True;False;False;False;negation only;negation_flip
2628;sırf adının çekiciliğine ve konusuna kanmayın benim gibi zamanınıza yazık.;negative;negative;0.5833333333333334;0.75;True;1.0;0.3;positive;0.8333333333333334;0.5;False;True;False;True;False;True;False;False;False;3;3;0;"[""ad"", ""çekicilik"", ""yazık""]";"[""zaman""]";[];"[""kan"", ""kan""]";[];"[""negation_flip"", ""negation_flip""]";['negation_flip', 'negation_flip'];True;False;False;False;negation only;negation_flip
2645;Filmin sonunu anlamadığını söyleyen arkadaşlar da buna hiç takılmasın.;neutral;negative;0.5;0.6477272727272727;False;0.6666666666666666;0.4444444444444444;positive;0.625;0.0227272727272727;False;True;False;False;True;True;False;False;True;4;3;1;"[""son"", ""arkadaş"", ""da"", ""hiç""]";"[""arkadaş""]";[];"[""anla"", ""tak"", ""tak""]";[];"[""negation_flip"", ""suppressed_as_target"", ""negation_flip""]";['negation_flip', 'suppressed_as_target', 'negation_flip'];True;True;False;False;negation + suppression;negation_flip + suppressed_as_target
