id;text;gold;hisnet_prediction;hisnet_positive_score;hisnet_negative_score;hisnet_correct;lexicon_coverage;sentiment_coverage;dependency_prediction;dependency_positive_score;dependency_negative_score;dependency_correct;prediction_changed;improved;degraded;changed_but_still_wrong;has_negation;has_modifier;has_contrast;has_suppression;scope_count;active_opinion_count;suppressed_count;opinions;targets;modifiers;negations;contrasts;operations;operation_list;has_negation_flip;has_suppression_operation;has_modifier_operation;has_contrast_operation;score_operation_group;operation_signature;positive_score_difference;negative_score_difference;score_changed
15;..adam sandler ve özellikle drew barrymore rollerinde harikalar hala izlemediyseniz kaçırmayın!;positive;positive;1.0;0.0227272727272727;True;0.5454545454545454;0.1818181818181818;negative;0.0;1.0227272727272727;False;True;False;True;False;True;False;False;False;2;2;0;"[""adam"", ""harika""]";[];[];"[""kaçır""]";[];"[""negation_flip""]";['negation_flip'];True;False;False;False;negation only;negation_flip;-1.0;1.0;True
74;?Mümkün diil müthiş bi film zaten birlikte son yaptıkları 50 ilk öpücük de inanılmaz güzel bi film bu ikiliye dikkat çok yakışıyolar birbirilerine!!:));positive;positive;1.7045454545454546;0.5208333333333334;True;0.782608695652174;0.2608695652173913;negative;0.25;1.975378787878788;False;True;False;True;False;True;False;False;False;6;6;0;"[""müthiş"", ""son"", ""öpücük"", ""de"", ""inanılmaz"", ""güzel""]";"[""film"", ""dikkat"", ""film""]";[];"[""inan"", ""inan""]";[];"[""negation_flip"", ""negation_flip""]";['negation_flip', 'negation_flip'];True;False;False;False;negation only;negation_flip;-1.4545454545454546;1.4545454545454546;True
144;hoşş bi film ama amatorce yapılmış chook hata var mesela filmin konusu bence o kadar da etkileyici değil ama yinede bizim bütün kokru filimlerimizden daha kaliteli:;positive;positive;2.0;0.1893939393939394;True;0.6923076923076923;0.1538461538461538;negative;1.0;1.1893939393939394;False;True;False;True;False;True;True;True;False;4;4;0;"[""hata"", ""da"", ""etkileyici"", ""kaliteli""]";"[""konu""]";"[""yinede"", ""daha""]";"[""değil""]";"[""ama""]";"[""negation_flip"", ""modifier_detected"", ""contrast_detected""]";['negation_flip', 'modifier_detected', 'contrast_detected'];True;False;True;True;negation only;contrast_detected + modifier_detected + negation_flip;-1.0;1.0;True
159;"""çok güzel sıkmayan filmlerden izleyeli 5 sene olduysada filmin finalinde kadının 3. dileğini unutmadım""""""";positive;positive;0.4545454545454545;0.0;True;0.7857142857142857;0.0714285714285714;negative;0.0;0.4545454545454545;False;True;False;True;False;True;True;False;False;1;1;0;"[""güzel""]";[];"[""\""çok""]";"[""sık""]";[];"[""negation_flip"", ""modifier_detected""]";['negation_flip', 'modifier_detected'];True;False;True;False;negation only;modifier_detected + negation_flip;-0.4545454545454545;0.4545454545454545;True
193;filmi hiç beyenmedim.;negative;negative;0.0;0.5;True;0.6666666666666666;0.3333333333333333;positive;0.5;0.0;False;True;False;True;False;True;False;False;False;1;1;0;"[""hiç""]";"[""film""]";[];"[""beyen""]";[];"[""negation_flip""]";['negation_flip'];True;False;False;False;negation only;negation_flip;0.5;-0.5;True
212;"""İnsanlar daha güvenli bir yerlere gitmek için savaş muhabirleri aracılığıyla seslerini dünyaya duyurmaya çalışırken gelen """"""""sözde devlet adamlarının"""""""" kocaman askeri kargo uçaklarıyla kimseyi kurtarmayıp bürokrasi engeline takılmaları insanı çileden çıkarıyor.""";negative;negative;0.715625;1.6477272727272727;True;0.8333333333333334;0.2333333333333333;positive;1.715625;0.6477272727272727;False;True;False;True;False;True;False;False;False;7;7;0;"[""güvenli"", ""yer"", ""savaş"", ""devlet"", ""adam"", ""engel"", ""takılma""]";"[""insan"", ""insan""]";[];"[""kurtar""]";[];"[""negation_flip""]";['negation_flip'];True;False;False;False;negation only;negation_flip;1.0;-1.0;True
242;filmin türü komedi yazıodu fakat ben nedense hiç gülmedim.;negative;negative;0.0;0.5;True;0.8888888888888888;0.1111111111111111;positive;0.5;0.0;False;True;False;True;False;True;False;True;False;1;1;0;"[""hiç""]";"[""ben""]";[];"[""gül""]";"[""fakat""]";"[""negation_flip"", ""contrast_detected""]";['negation_flip', 'contrast_detected'];True;False;False;True;negation only;contrast_detected + negation_flip;0.5;-0.5;True
251;. Böyle iki oyuncunun bir araya geldiği bir film böylesi sıkıcı olamaz ya.;negative;negative;0.0;1.0;True;0.9166666666666666;0.0833333333333333;positive;1.0;0.0;False;True;False;True;False;True;True;False;False;1;1;0;"[""sıkıcı""]";"[""film""]";"[""böylesi""]";"[""ol""]";[];"[""negation_flip"", ""modifier_detected""]";['negation_flip', 'modifier_detected'];True;False;True;False;negation only;modifier_detected + negation_flip;1.0;-1.0;True
255;. dakikalar geçtikçe hayretler içinde kalarak gözümü ekrandan ayıramadım.;positive;positive;0.75;0.0;True;0.875;0.125;negative;0.0;0.75;False;True;False;True;False;True;False;False;False;1;1;0;"[""gözüm""]";[];[];"[""ayır""]";[];"[""negation_flip""]";['negation_flip'];True;False;False;False;negation only;negation_flip;-0.75;0.75;True
400;çok güzel bir kurgu inanılmaz bir film hele sonu harika;positive;positive;2.4545454545454546;0.125;True;1.0;0.4;negative;0.4545454545454545;1.125;False;True;False;True;False;True;True;False;False;3;3;0;"[""güzel"", ""inanılmaz"", ""son""]";"[""kurgu"", ""kurgu"", ""film""]";"[""çok""]";"[""inan""]";[];"[""modifier_detected"", ""negation_flip""]";['modifier_detected', 'negation_flip'];True;False;True;False;negation only;modifier_detected + negation_flip;-2.0;1.0;True
416;arkadaşlar bu tür filmler her zaman bulunmaz bence ne yapıp edin ve bu filmi izleyin.;positive;positive;0.5;0.0;True;0.8;0.0666666666666666;negative;0.0;0.5;False;True;False;True;False;True;False;False;False;1;1;0;"[""arkadaş""]";"[""film""]";[];"[""bulun""]";[];"[""negation_flip""]";['negation_flip'];True;False;False;False;negation only;negation_flip;-0.5;0.5;True
419;Gişede iş yapmadı ama bence sinema tarihininin en iyilerinden;positive;positive;0.6111111111111112;0.0;True;0.7777777777777778;0.1111111111111111;negative;0.0;0.6111111111111112;False;True;False;True;False;True;True;True;False;1;1;0;"[""iyi""]";"[""iş""]";"[""en""]";"[""yap""]";"[""ama""]";"[""negation_flip"", ""modifier_detected"", ""contrast_detected""]";['negation_flip', 'modifier_detected', 'contrast_detected'];True;False;True;True;negation only;contrast_detected + modifier_detected + negation_flip;-0.6111111111111112;0.6111111111111112;True
452;filmi çok beğendim ama şurası burası güzel diye anlatamayacağım çünkü başlı başına müthiş bi film çok seveceksiniz mutlaka izlenmeli.;positive;positive;0.4545454545454545;0.375;True;0.7368421052631579;0.1052631578947368;negative;0.0;0.8295454545454546;False;True;False;True;False;True;False;True;False;2;2;0;"[""güzel"", ""müthiş""]";"[""burası"", ""film""]";[];"[""anlat""]";"[""ama""]";"[""negation_flip"", ""contrast_detected""]";['negation_flip', 'contrast_detected'];True;False;False;True;negation only;contrast_detected + negation_flip;-0.4545454545454545;0.4545454545454546;True
517;Ben bu kadar karizmadan uzak bir kötü bond karakteri görmedim.;negative;negative;0.25;2.025;True;0.9;0.4;positive;1.25;1.025;False;True;False;True;False;True;False;False;False;4;4;0;"[""karizma"", ""uzak"", ""kötü"", ""gör""]";"[""karakter"", ""bond"", ""ben""]";[];"[""gör""]";[];"[""negation_flip""]";['negation_flip'];True;False;False;False;negation only;negation_flip;1.0;-1.0;True
529;Filmi başarılı bulsam da diğer 3 Brosnan filmi kadar başarılı değil bana göre.;positive;positive;2.0;0.0227272727272727;True;0.9230769230769232;0.2307692307692307;negative;1.0;1.0227272727272727;False;True;False;True;False;True;False;False;False;3;3;0;"[""başarılı"", ""da"", ""başarılı""]";"[""film"", ""film""]";[];"[""değil""]";[];"[""negation_flip""]";['negation_flip'];True;False;False;False;negation only;negation_flip;-1.0;1.0;True
560;Ne hayatların ne umutların ne servetlerin oksanusun derinliklerine kayıp gittiği böylesi bir gemi kazası bile düşündükçe tüylerimizi diken diken etmeye yetiyor zaten.;neutral;neutral;0.375;0.375;True;0.8181818181818182;0.1363636363636363;negative;0.0;0.375;False;True;False;True;False;False;False;False;True;3;2;1;"[""umut"", ""kayıp"", ""etme""]";"[""umut"", ""tüy""]";[];[];[];"[""suppressed_as_target""]";['suppressed_as_target'];False;True;False;False;suppression only;suppressed_as_target;-0.375;0.0;True
632;inanılmaz abartılan avatardan milyon kat daha iyi bir film.;positive;positive;1.6111111111111112;0.0;True;0.7777777777777778;0.2222222222222222;negative;0.6111111111111112;1.0;False;True;False;True;False;True;False;False;False;2;2;0;"[""inanılmaz"", ""iyi""]";"[""film""]";[];"[""inan""]";[];"[""negation_flip""]";['negation_flip'];True;False;False;False;negation only;negation_flip;-1.0;1.0;True
649;İmkansız bir aşk.;positive;positive;1.0;0.25;True;1.0;0.6666666666666666;negative;0.0;0.25;False;True;False;True;False;False;False;False;True;2;1;1;"[""imkansız"", ""aşk""]";"[""aşk""]";[];[];[];"[""suppressed_as_target""]";['suppressed_as_target'];False;True;False;False;suppression only;suppressed_as_target;-1.0;0.0;True
684;evet en iyi film bu bundan iyisi yapılamaz.;positive;positive;1.2222222222222223;0.0;True;0.875;0.25;neutral;0.6111111111111112;0.6111111111111112;False;True;False;True;False;True;True;False;False;2;2;0;"[""iyi"", ""iyi""]";"[""film"", ""bu""]";"[""en""]";"[""yap""]";[];"[""modifier_detected"", ""negation_flip""]";['modifier_detected', 'negation_flip'];True;False;True;False;negation only;modifier_detected + negation_flip;-0.6111111111111112;0.6111111111111112;True
756;.100den fazla izlediğime adım gibi eminim(abartmıyorum)nasıl bu film 9.;positive;positive;0.1875;0.0;True;0.7272727272727273;0.0909090909090909;negative;0.0;0.1875;False;True;False;True;False;True;True;False;False;1;1;0;"[""emin""]";[];"[""adım""]";"[""abar""]";[];"[""negation_flip"", ""modifier_detected""]";['negation_flip', 'modifier_detected'];True;False;True;False;negation only;modifier_detected + negation_flip;-0.1875;0.1875;True
781;daha iyisi yapılana dek(ki hic sanmıyorum) en iyi bu;positive;positive;1.2222222222222223;0.0;True;0.8;0.2;neutral;0.6111111111111112;0.6111111111111112;False;True;False;True;False;True;True;False;False;2;2;0;"[""iyi"", ""iyi""]";"[""bu""]";"[""daha"", ""en""]";"[""san""]";[];"[""modifier_detected"", ""negation_flip"", ""modifier_detected""]";['modifier_detected', 'negation_flip', 'modifier_detected'];True;False;True;False;negation only;modifier_detected + negation_flip;-0.6111111111111112;0.6111111111111112;True
943;İnsanlar filmi 8-10 defa izlediler sonra beğenmediler de 1 puan verdiler öyle mi?;negative;negative;0.0;0.0208333333333333;True;0.7857142857142857;0.0714285714285714;positive;0.0208333333333333;0.0;False;True;False;True;False;True;False;False;False;1;1;0;"[""de""]";[];[];"[""beğen""]";[];"[""negation_flip""]";['negation_flip'];True;False;False;False;negation only;negation_flip;0.0208333333333333;-0.0208333333333333;True
955;tek kelimeyle harikaydı ilk sinemada izledim ve etkisinden uzun zaman kurtulamadım aradan kaç yıl geçti her izlediğimde aynı etkiyi yapıyo mutlaka izleyin diyeceğim ama zaten izlemeyen yoktur:);positive;positive;1.0;0.2351190476190476;True;0.7777777777777778;0.1111111111111111;negative;0.2142857142857142;1.0208333333333333;False;True;False;True;False;True;True;True;False;3;3;0;"[""harika"", ""de"", ""yok""]";"[""kelime"", ""kelime"", ""kelime""]";"[""zaten""]";"[""kurtula"", ""izle""]";"[""ama""]";"[""negation_flip"", ""negation_flip"", ""modifier_detected"", ""contrast_detected""]";['negation_flip', 'negation_flip', 'modifier_detected', 'contrast_detected'];True;False;True;True;negation only;contrast_detected + modifier_detected + negation_flip;-0.7857142857142858;0.7857142857142857;True
1023;Filmin etkisini inanılmaz derecede aşılamışlar izleyiciye.;positive;positive;1.0;0.0;True;0.8333333333333334;0.1666666666666666;negative;0.0;1.0;False;True;False;True;False;True;False;False;False;1;1;0;"[""inanılmaz""]";[];[];"[""inan""]";[];"[""negation_flip""]";['negation_flip'];True;False;False;False;negation only;negation_flip;-1.0;1.0;True
1035;Kate Winsletin yaşlılığını oynayan Gloria Stuartda rolünün hakkını vermemiş.;positive;positive;0.025;0.0;True;0.3333333333333333;0.1111111111111111;negative;0.0;0.025;False;True;False;True;False;True;False;False;False;1;1;0;"[""hak""]";[];[];"[""ver""]";[];"[""negation_flip""]";['negation_flip'];True;False;False;False;negation only;negation_flip;-0.025;0.025;True
1084;süper bir film hiç bir film yerini yutamaz benim için;positive;positive;0.515625;0.5;True;0.9;0.3;negative;0.5;0.515625;False;True;False;True;False;True;False;False;False;3;3;0;"[""süper"", ""hiç"", ""yer""]";"[""film"", ""film""]";[];"[""yut""]";[];"[""negation_flip""]";['negation_flip'];True;False;False;False;negation only;negation_flip;-0.015625;0.015625;True
1107;Bu film için hiç bir yorum yetmez o kadar güzel gerçekçiki insan izlemeye doyamıyor.;positive;positive;0.5378787878787878;0.5;True;0.8571428571428571;0.2142857142857142;negative;0.4545454545454545;0.5833333333333334;False;True;False;True;False;True;False;False;False;3;3;0;"[""hiç"", ""güzel"", ""gerçek""]";"[""insan""]";[];"[""yet""]";[];"[""negation_flip""]";['negation_flip'];True;False;False;False;negation only;negation_flip;-0.08333333333333337;0.08333333333333337;True
1117;inanılmaz..;positive;positive;1.0;0.0;True;1.0;1.0;negative;0.0;1.0;False;True;False;True;False;True;False;False;False;1;1;0;"[""inanılmaz""]";[];[];"[""inan""]";[];"[""negation_flip""]";['negation_flip'];True;False;False;False;negation only;negation_flip;-1.0;1.0;True
1128;Yok 11 oscarı haketmedi yok saçma romantik vs.;negative;negative;0.0;0.7285714285714285;True;0.625;0.375;positive;0.4285714285714285;0.3;False;True;False;True;False;True;False;False;False;3;3;0;"[""yok"", ""yok"", ""saçma""]";"[""oscarı"", ""oscarı"", ""romantik""]";[];"[""haket"", ""haket""]";[];"[""negation_flip"", ""negation_flip""]";['negation_flip', 'negation_flip'];True;False;False;False;negation only;negation_flip;0.4285714285714285;-0.42857142857142855;True
1208;şimdiye kadar bu kadar güzel bir romantik film seyretmedim tabiki filmde yaşananlar gerçek olunca canım acıdı filmi seyrederken;positive;positive;1.76010101010101;0.5714285714285714;True;0.7777777777777778;0.2777777777777778;negative;0.5378787878787878;0.5714285714285714;False;True;False;True;False;False;False;False;True;5;3;2;"[""güzel"", ""yaşa"", ""gerçek"", ""can"", ""acı""]";"[""film"", ""yaşa"", ""can""]";[];[];[];"[""suppressed_as_target"", ""suppressed_as_target""]";['suppressed_as_target', 'suppressed_as_target'];False;True;False;False;suppression only;suppressed_as_target;-1.222222222222222;0.0;True
1271;..yıllar sonra bile unutulmayan bi aşk.;positive;positive;1.0;0.0;True;0.6666666666666666;0.1666666666666666;negative;0.0;1.0;False;True;False;True;False;True;True;False;False;1;1;0;"[""aşk""]";[];"[""sonra""]";"[""unut""]";[];"[""negation_flip"", ""modifier_detected""]";['negation_flip', 'modifier_detected'];True;False;True;False;negation only;modifier_detected + negation_flip;-1.0;1.0;True
1279;Mutlaka izleyin demeyeceğim.;negative;negative;0.0;0.0208333333333333;True;0.6666666666666666;0.3333333333333333;positive;0.0208333333333333;0.0;False;True;False;True;False;True;True;False;False;1;1;0;"[""de""]";[];"[""mutlaka""]";"[""de""]";[];"[""negation_flip"", ""modifier_detected""]";['negation_flip', 'modifier_detected'];True;False;True;False;negation only;modifier_detected + negation_flip;0.0208333333333333;-0.0208333333333333;True
1311;yeri asla doldurulamaz bir film.;positive;positive;0.015625;0.0;True;0.8;0.2;negative;0.0;0.015625;False;True;False;True;False;True;False;False;False;1;1;0;"[""yer""]";[];[];"[""dol""]";[];"[""negation_flip""]";['negation_flip'];True;False;False;False;negation only;negation_flip;-0.015625;0.015625;True
1323;hayatımda gördüğüm en güzel filmlerden bir tanesi adeta o zamanı yasıyorsunuz özellikle kıyafetler ve oyuncuların inanılmaz performansı beni çok etkiledi.;positive;positive;1.4545454545454546;1.0;True;0.95;0.15;negative;0.4545454545454545;2.0;False;True;False;True;False;True;True;False;False;3;3;0;"[""gör"", ""güzel"", ""inanılmaz""]";"[""film""]";"[""en""]";"[""inan""]";[];"[""modifier_detected"", ""negation_flip""]";['modifier_detected', 'negation_flip'];True;False;True;False;negation only;modifier_detected + negation_flip;-1.0;1.0;True
1344;film güzel ama 11 oscarli diğer bir film olan Ben Hur'un yanından bile geçemez.;positive;positive;0.4545454545454545;0.0;True;0.8571428571428571;0.0714285714285714;negative;0.0;0.4545454545454545;False;True;False;True;False;True;False;False;False;1;1;0;"[""güzel""]";"[""film""]";[];"[""geç""]";[];"[""negation_flip""]";['negation_flip'];True;False;False;False;negation only;negation_flip;-0.4545454545454545;0.4545454545454545;True
1371;hiç oscarına güvenmeyin.;negative;negative;0.0;0.5;True;0.6666666666666666;0.3333333333333333;positive;0.5;0.0;False;True;False;True;False;True;False;False;False;1;1;0;"[""hiç""]";[];[];"[""güven""]";[];"[""negation_flip""]";['negation_flip'];True;False;False;False;negation only;negation_flip;0.5;-0.5;True
1386;bu kadar büyük bir sevgi imkansız gibi geliyor bana.;positive;positive;1.0;0.25;True;0.8888888888888888;0.2222222222222222;negative;0.0;0.25;False;True;False;True;False;False;False;False;True;2;1;1;"[""sevgi"", ""imkansız""]";"[""sevgi""]";[];[];[];"[""suppressed_as_target""]";['suppressed_as_target'];False;True;False;False;suppression only;suppressed_as_target;-1.0;0.0;True
1466;Aldığı ödülleri sonuna kadar hak eden artık aşk mı desem bir tarihi filmi mi desem ne dersem diyim mutlaka izlenmesi gereken bir film.;positive;positive;1.775;0.3333333333333332;True;0.9130434782608696;0.3043478260869565;negative;0.025;0.3333333333333332;False;True;False;True;False;False;True;False;True;7;5;2;"[""al"", ""ödül"", ""son"", ""hak"", ""aşk"", ""de"", ""de""]";"[""ödül"", ""ödül"", ""aşk"", ""film""]";"[""son"", ""artık""]";[];[];"[""suppressed_as_target"", ""modifier_detected"", ""suppressed_as_target"", ""modifier_detected""]";['suppressed_as_target', 'modifier_detected', 'suppressed_as_target', 'modifier_detected'];False;True;True;False;suppression only;modifier_detected + suppressed_as_target;-1.75;0.0;True
1514;tıtanıc harıka bir fılm ilk izlediğimde aklımda kalmıştı çok etkilendim canım ne zaman sıkılsa oturup tıtanığı seyredıyorum muhtesem bır fılm dıyecek baska soz yok.;positive;positive;0.2222222222222222;0.2142857142857142;True;0.375;0.0833333333333333;negative;0.0;0.2142857142857142;False;True;False;True;False;False;False;False;True;2;1;1;"[""can"", ""yok""]";"[""can""]";[];[];[];"[""suppressed_as_target""]";['suppressed_as_target'];False;True;False;False;suppression only;suppressed_as_target;-0.2222222222222222;0.0;True
1522;baştan sona gözümü kırpmadan seyrettiğim ve sonundada gözerimin dolduğu ender filmlerden birisi.;positive;positive;0.75;0.2083333333333333;True;0.6666666666666666;0.25;negative;0.0;0.9583333333333334;False;True;False;True;False;True;False;False;False;3;3;0;"[""son"", ""gözüm"", ""biri""]";[];[];"[""kırp""]";[];"[""negation_flip""]";['negation_flip'];True;False;False;False;negation only;negation_flip;-0.75;0.7500000000000001;True
1606;bir film bu kadar güzel olamaz yaa.;positive;positive;0.4545454545454545;0.0;True;0.8571428571428571;0.1428571428571428;negative;0.0;0.4545454545454545;False;True;False;True;False;True;False;False;False;1;1;0;"[""güzel""]";"[""film""]";[];"[""ol""]";[];"[""negation_flip""]";['negation_flip'];True;False;False;False;negation only;negation_flip;-0.4545454545454545;0.4545454545454545;True
1617;gözyaşlarıma hakim olmadıım nadir fılmlerden bi tanesi.;positive;positive;0.09375;0.0;True;0.4285714285714285;0.1428571428571428;negative;0.0;0.09375;False;True;False;True;False;True;False;False;False;1;1;0;"[""hakim""]";[];[];"[""ol""]";[];"[""negation_flip""]";['negation_flip'];True;False;False;False;negation only;negation_flip;-0.09375;0.09375;True
1626;bu film kadar güzel bir aşk romantik film yapılmadı.;positive;positive;1.4545454545454546;0.0;True;0.8888888888888888;0.2222222222222222;negative;0.4545454545454545;1.0;False;True;False;True;False;True;False;False;False;2;2;0;"[""güzel"", ""aşk""]";"[""aşk"", ""film""]";[];"[""yap""]";[];"[""negation_flip""]";['negation_flip'];True;False;False;False;negation only;negation_flip;-1.0;1.0;True
1631;arkadaşlar bence bu film 10 değil 110 u hakettmiyormu bi daha böyle film gelmez;positive;positive;0.5;0.0;True;0.7857142857142857;0.0714285714285714;negative;0.0;0.5;False;True;False;True;False;True;False;False;False;1;1;0;"[""arkadaş""]";[];[];"[""haket""]";[];"[""negation_flip""]";['negation_flip'];True;False;False;False;negation only;negation_flip;-0.5;0.5;True
1644;Çoğu aşığın yapamayacağı kadar fedakarlık dolu bir film.;positive;positive;1.0;0.0;True;0.875;0.125;negative;0.0;1.0;False;True;False;True;False;True;False;False;False;1;1;0;"[""fedakarlık""]";[];[];"[""yap""]";[];"[""negation_flip""]";['negation_flip'];True;False;False;False;negation only;negation_flip;-1.0;1.0;True
1646;Öldüresiye bir güce sahip bir aşk ancak bu kadar güzel anlatılabilirdi.;positive;positive;1.4545454545454546;1.1041666666666667;True;0.9090909090909092;0.4545454545454545;negative;0.0625;1.496212121212121;False;True;False;True;False;True;False;True;True;5;4;1;"[""öldüresiye"", ""güç"", ""aşk"", ""ancak"", ""güzel""]";"[""sahip"", ""aşk"", ""aşk""]";[];"[""anlat"", ""anlat"", ""anlat""]";"[""ancak"", ""ancak"", ""ancak""]";"[""suppressed_as_target"", ""negation_flip"", ""contrast_detected"", ""negation_flip"", ""contrast_detected""]";['suppressed_as_target', 'negation_flip', 'contrast_detected', 'negation_flip', 'contrast_detected'];True;True;False;True;negation + suppression;contrast_detected + negation_flip + suppressed_as_target;-1.3920454545454546;0.39204545454545436;True
1702;abartmayın lütfen caprio var diye!;negative;negative;0.0;0.125;True;0.6;0.2;positive;0.125;0.0;False;True;False;True;False;True;False;False;False;1;1;0;"[""lütfen""]";[];[];"[""abar""]";[];"[""negation_flip""]";['negation_flip'];True;False;False;False;negation only;negation_flip;0.125;-0.125;True
1710;süpppeerrrrr bii filmmdi benceeeeee çok beğenerek ve bi saniye bile gözümü ayırmadan izledim herkese tavsiye ederim bu o kdr gsl bi film ki yapıldığı 10 sene olmasına rağmen hala dillerden düşşmüyorr;positive;positive;0.875;0.5;True;0.5806451612903226;0.0967741935483871;negative;0.125;1.25;False;True;False;True;False;True;False;False;False;3;3;0;"[""gözüm"", ""tavsiye"", ""rağmen""]";"[""film""]";[];"[""ayır""]";[];"[""negation_flip""]";['negation_flip'];True;False;False;False;negation only;negation_flip;-0.75;0.75;True
1715;işte gerçek aşk flimi yorum yazmaya gerek bile yok ama.;positive;positive;1.0833333333333333;0.3642857142857142;True;0.9;0.4;negative;0.0833333333333333;0.3642857142857142;False;True;False;True;False;False;False;False;True;4;3;1;"[""gerçek"", ""aşk"", ""yazma"", ""yok""]";"[""aşk"", ""yorum""]";[];[];[];"[""suppressed_as_target""]";['suppressed_as_target'];False;True;False;False;suppression only;suppressed_as_target;-1.0;0.0;True
1751;inanılmaz derecede güzel bir film;positive;positive;1.4545454545454546;0.0;True;1.0;0.4;negative;0.4545454545454545;1.0;False;True;False;True;False;True;False;False;False;2;2;0;"[""inanılmaz"", ""güzel""]";"[""film""]";[];"[""inan""]";[];"[""negation_flip""]";['negation_flip'];True;False;False;False;negation only;negation_flip;-1.0;1.0;True
1771;böyle bi film kolay kolay gelmez bu ne kadar gerçekcilik 1997 yılının en iyi filmi tebrikler teşekkürler :);positive;positive;2.6527777777777777;0.0;True;0.7647058823529411;0.2941176470588235;negative;1.3194444444444444;1.3333333333333333;False;True;False;True;False;True;True;False;False;5;5;0;"[""kolay"", ""kolay"", ""iyi"", ""tebrik"", ""teşekkür""]";"[""film"", ""film"", ""film"", ""tebrik""]";"[""en""]";"[""gel"", ""gel""]";[];"[""negation_flip"", ""modifier_detected"", ""negation_flip""]";['negation_flip', 'modifier_detected', 'negation_flip'];True;False;True;False;negation only;modifier_detected + negation_flip;-1.3333333333333333;1.3333333333333333;True
1812;valla bende anlamadım filmi daha hiç seyretmedim ama bu kadar puan alması şaşırtıcı araştırıcam;negative;negative;0.25;0.6666666666666666;True;0.7142857142857143;0.2142857142857142;positive;0.75;0.1666666666666666;False;True;False;True;False;True;True;True;False;3;3;0;"[""hiç"", ""al"", ""şaşırtıcı""]";"[""film"", ""puan""]";"[""daha""]";"[""seyret""]";"[""ama"", ""ama""]";"[""negation_flip"", ""modifier_detected"", ""contrast_detected"", ""contrast_detected""]";['negation_flip', 'modifier_detected', 'contrast_detected', 'contrast_detected'];True;False;True;True;negation only;contrast_detected + modifier_detected + negation_flip;0.5;-0.5;True
1915;kitaptaki ortamı yansıtamamışlar.;negative;negative;0.0;0.0833333333333333;True;0.6666666666666666;0.3333333333333333;positive;0.0833333333333333;0.0;False;True;False;True;False;True;False;False;False;1;1;0;"[""ortam""]";[];[];"[""yansı""]";[];"[""negation_flip""]";['negation_flip'];True;False;False;False;negation only;negation_flip;0.0833333333333333;-0.0833333333333333;True
1920;.oyuncular çok iyi ama bu filmde performansının tamamının sergileyememiş.;positive;positive;0.7777777777777778;0.0;True;0.8888888888888888;0.2222222222222222;negative;0.0;0.7777777777777778;False;True;False;True;False;True;True;True;False;2;2;0;"[""iyi"", ""tamam""]";"["".oyuncu""]";"[""çok""]";"[""sergile"", ""sergile""]";"[""ama""]";"[""negation_flip"", ""modifier_detected"", ""negation_flip"", ""contrast_detected""]";['negation_flip', 'modifier_detected', 'negation_flip', 'contrast_detected'];True;False;True;True;negation only;contrast_detected + modifier_detected + negation_flip;-0.7777777777777778;0.7777777777777778;True
1942;ama niyeyse val kilmer suanda hakettiği yerde değil maalesef.;negative;negative;0.015625;0.75;True;0.4444444444444444;0.2222222222222222;positive;0.765625;0.0;False;True;False;True;False;True;True;False;False;2;2;0;"[""yer"", ""maalesef""]";[];"[""niye""]";"[""haket"", ""değil"", ""değil""]";[];"[""modifier_detected"", ""negation_flip""]";['modifier_detected', 'negation_flip'];True;False;True;False;negation only;modifier_detected + negation_flip;0.75;-0.75;True
1960;inanılmaz keyif aldığım bir filmdi.;positive;positive;1.1785714285714286;0.1666666666666666;True;1.0;0.6;negative;0.0;1.1666666666666667;False;True;False;True;False;True;False;False;True;3;2;1;"[""inanılmaz"", ""keyif"", ""al""]";"[""keyif""]";[];"[""inan"", ""inan""]";[];"[""negation_flip"", ""suppressed_as_target""]";['negation_flip', 'suppressed_as_target'];True;True;False;False;negation + suppression;negation_flip + suppressed_as_target;-1.1785714285714286;1.0000000000000002;True
2154;Hikayenin de akıcılığı göz önüne alarak ben bu yapıma 10 puan üzerinden 8 puan veriyorum.;positive;positive;0.25;0.1875;True;0.9333333333333332;0.2;negative;0.0;0.1875;False;True;False;True;False;False;False;False;True;3;2;1;"[""de"", ""akıcılık"", ""al""]";"[""akıcılık""]";[];[];[];"[""suppressed_as_target""]";['suppressed_as_target'];False;True;False;False;suppression only;suppressed_as_target;-0.25;0.0;True
2248;gerard d. en iyi performanslarından biri bu filmde hani derler ya o rolü ondan iyisi yapamazdı die.;positive;positive;1.2222222222222223;0.0833333333333333;True;0.7647058823529411;0.1764705882352941;negative;0.6111111111111112;0.6944444444444445;False;True;False;True;False;True;True;False;False;3;3;0;"[""iyi"", ""biri"", ""iyi""]";"[""performans"", ""rol""]";"[""en""]";"[""yap""]";[];"[""modifier_detected"", ""negation_flip""]";['modifier_detected', 'negation_flip'];True;False;True;False;negation only;modifier_detected + negation_flip;-0.6111111111111112;0.6111111111111113;True
2298;kusura bakılmasın ama ben filmin sonunu hiç mi hiç beğenmedim.;negative;negative;0.0;1.75;True;0.8;0.4;positive;1.75;0.0;False;True;False;True;False;True;False;True;False;4;4;0;"[""kusur"", ""son"", ""hiç"", ""hiç""]";"[""ben"", ""ben"", ""ben""]";[];"[""bak"", ""beğen"", ""beğen"", ""beğen""]";"[""ama"", ""ama"", ""ama""]";"[""negation_flip"", ""negation_flip"", ""contrast_detected"", ""negation_flip"", ""contrast_detected"", ""negation_flip"", ""contrast_detected""]";['negation_flip', 'negation_flip', 'contrast_detected', 'negation_flip', 'contrast_detected', 'negation_flip', 'contrast_detected'];True;False;False;True;negation only;contrast_detected + negation_flip;1.75;-1.75;True
2334;bu kadar APTALCA bir bilimkurgu izlememiştim.;negative;negative;0.0;0.375;True;0.8333333333333334;0.1666666666666666;positive;0.375;0.0;False;True;False;True;False;True;False;False;False;1;1;0;"[""aptalca""]";"[""bilimkurgu""]";[];"[""izle""]";[];"[""negation_flip""]";['negation_flip'];True;False;False;False;negation only;negation_flip;0.375;-0.375;True
2407;Aslında o konu (çocuk olayı yani) nerelere getirilebilir neler anlatılabilirdi ama yok olmamış.;negative;negative;0.0;0.25;True;0.7692307692307693;0.1538461538461538;positive;0.2142857142857142;0.0357142857142857;False;True;False;True;False;True;False;True;False;2;2;0;"[""çocuk"", ""yok""]";[];[];"[""ol""]";"[""ama""]";"[""negation_flip"", ""contrast_detected""]";['negation_flip', 'contrast_detected'];True;False;False;True;negation only;contrast_detected + negation_flip;0.2142857142857142;-0.2142857142857143;True
2413;Sıradanlıktan kurtulamayan bir dram.;negative;negative;0.0;0.1875;True;0.5;0.25;positive;0.1875;0.0;False;True;False;True;False;True;False;False;False;1;1;0;"[""dram""]";[];[];"[""kurtula""]";[];"[""negation_flip""]";['negation_flip'];True;False;False;False;negation only;negation_flip;0.1875;-0.1875;True
2433;fena değildi belki ama ilk filmle kıyaslayınca berbat.;negative;negative;0.0;0.4583333333333333;True;0.875;0.125;positive;0.4583333333333333;0.0;False;True;False;True;False;True;True;False;False;1;1;0;"[""fena""]";[];"[""belki""]";"[""değil""]";[];"[""negation_flip"", ""modifier_detected""]";['negation_flip', 'modifier_detected'];True;False;True;False;negation only;modifier_detected + negation_flip;0.4583333333333333;-0.4583333333333333;True
2436;İlkinin yanın dahi yaklaşamayan gördüğüm en kötü devam filmlerinden biri.;negative;negative;0.0;1.9833333333333327;True;0.9;0.3;positive;1.0;0.9833333333333334;False;True;False;True;False;True;True;False;False;3;3;0;"[""gör"", ""kötü"", ""biri""]";"[""devam""]";"[""en""]";"[""yaklaş""]";[];"[""negation_flip"", ""modifier_detected""]";['negation_flip', 'modifier_detected'];True;False;True;False;negation only;modifier_detected + negation_flip;1.0;-0.9999999999999993;True
2490;bu kadar kötü olamaz.;negative;negative;0.0;0.9;True;1.0;0.25;positive;0.9;0.0;False;True;False;True;False;True;False;False;False;1;1;0;"[""kötü""]";"[""bu""]";[];"[""ol""]";[];"[""negation_flip""]";['negation_flip'];True;False;False;False;negation only;negation_flip;0.9;-0.9;True
2500;lütfen cık aklımdan unutamıyorum seni çünkü cok kötü;negative;negative;0.0;1.025;True;0.75;0.25;positive;1.025;0.0;False;True;False;True;False;True;True;False;False;2;2;0;"[""lütfen"", ""kötü""]";"[""sen"", ""lütfen""]";"[""cok""]";"[""unut"", ""unut""]";[];"[""negation_flip"", ""negation_flip"", ""modifier_detected""]";['negation_flip', 'negation_flip', 'modifier_detected'];True;False;True;False;negation only;modifier_detected + negation_flip;1.025;-1.025;True
2514;rahatsız edici derece itici oynayan bir oyuncu kadrosu var filmin.;negative;negative;0.0;0.6666666666666666;True;0.9;0.1;positive;0.6666666666666666;0.0;False;True;False;True;False;True;False;False;False;1;1;0;"[""rahatsız""]";"[""derece""]";[];"[""et""]";[];"[""negation_flip""]";['negation_flip'];True;False;False;False;negation only;negation_flip;0.6666666666666666;-0.6666666666666666;True
2517;Filmi hiç beğenmedim :(;negative;negative;0.0;0.5;True;0.6666666666666666;0.3333333333333333;positive;0.5;0.0;False;True;False;True;False;True;False;False;False;1;1;0;"[""hiç""]";"[""film""]";[];"[""beğen""]";[];"[""negation_flip""]";['negation_flip'];True;False;False;False;negation only;negation_flip;0.5;-0.5;True
2520;Parker normalde düşmanıyla savaşırken çenesi hiç durmazdı.;negative;negative;0.0;1.2583333333333333;True;0.8571428571428571;0.5714285714285714;positive;0.875;0.3333333333333333;False;True;False;True;False;True;True;False;True;4;3;1;"[""düşman"", ""savaş"", ""çene"", ""hiç""]";"[""parker"", ""parker"", ""çene""]";"[""normalde""]";"[""dur"", ""dur"", ""dur""]";[];"[""negation_flip"", ""modifier_detected"", ""suppressed_as_target"", ""negation_flip""]";['negation_flip', 'modifier_detected', 'suppressed_as_target', 'negation_flip'];True;True;True;False;negation + suppression;modifier_detected + negation_flip + suppressed_as_target;0.875;-0.925;True
2556;Herhangi bir oyunculuk görünmüyor.;negative;negative;0.0;0.3333333333333333;True;0.75;0.25;positive;0.3333333333333333;0.0;False;True;False;True;False;True;False;False;False;1;1;0;"[""oyunculuk""]";[];[];"[""görün""]";[];"[""negation_flip""]";['negation_flip'];True;False;False;False;negation only;negation_flip;0.3333333333333333;-0.3333333333333333;True
2605;Kesinlikle zaman kaybı ve asla izlemeyin.;negative;negative;0.0;0.25;True;0.8333333333333334;0.1666666666666666;positive;0.25;0.0;False;True;False;True;False;True;False;False;False;1;1;0;"[""kayıp""]";[];[];"[""izle""]";[];"[""negation_flip""]";['negation_flip'];True;False;False;False;negation only;negation_flip;0.25;-0.25;True
2628;sırf adının çekiciliğine ve konusuna kanmayın benim gibi zamanınıza yazık.;negative;negative;0.5833333333333334;0.75;True;1.0;0.3;positive;0.8333333333333334;0.5;False;True;False;True;False;True;False;False;False;3;3;0;"[""ad"", ""çekicilik"", ""yazık""]";"[""zaman""]";[];"[""kan"", ""kan""]";[];"[""negation_flip"", ""negation_flip""]";['negation_flip', 'negation_flip'];True;False;False;False;negation only;negation_flip;0.25;-0.25;True
